121009_M00766_0002_000000000-A1U6P,M00766,in date,in date,in date,45.384985966,yes,3138050,low,341.3139464285714285714285714,very low,0.3465333764490534174989496650,yes,0.000000,yes,0.875745692874,0.8,no,0.876424178722,0.875067207026,0.999980907791,no,1,0.0,no,0,no,No index information for 121009_M00766_0002_000000000-A1U6P
130206_M00766_0002_000000000-A23JM,M00766,in date,in date,in date,2.00760360074,yes,160923,low,10.2916911621093750000000000,very low,0.2642668678412795165394441445,yes,1.974131380911010026957385393,yes,0.276536877886,0.75,yes,0.0911876611796,0.461886094592,0.358420132025,no,193,-0.00109646241539,yes,65,yes,No index information for 130206_M00766_0002_000000000-A23JM
130405_M00766_0006_000000000-A3FNU,M00766,Run analysis for 130405_M00766_0006_000000000-A3FNU incomplete
130417_M00766_0007_000000000-A3R1F,M00766,in date,in date,in date,93.6874048525,no,14918743,low,773.0358950892857142857142857,very low,0.02464368660628109054309512278,no,93.66733065999577973540677424,no,0.971215229768,0.8,no,0.980171475422,0.962258984114,0.840948046391,no,0,-0.000138841392056,no,0,no,No index information for 130417_M00766_0007_000000000-A3R1F
130508_M00766_0013_000000000-A3RB5,M00766,in date,in date,in date,89.6950367269,no,17060727,low,897.2219910714285714285714286,low,0.01305757367203775795502261611,no,89.61109665242596438691974863,no,0.923407887814,0.8,no,0.949816208095,0.897852845589,0.677936896452,no,0,-0.000604642891662,yes,0,yes,0.155823020314,yes,no outlying indices, , ,NTC OK
130510_M00766_0014_000000000-A3PFJ,M00766,in date,in date,in date,88.5142108845,no,18378480,low,995.2515267857142857142857143,low,0.01348374683646668717077233568,no,88.66105938477342402594735262,no,0.952485508425,0.75,no,0.968671701555,0.935017754425,0.954129264222,no,0,-0.000202901789508,no,0,no,0.516661180734,yes,no outlying indices, , ,NTC OK
130613_M00766_0018_000000000-A4FN3,M00766,in date,in date,in date,62.2348676226,yes,14759376,low,877.4421428571428571428571429,low,0.005254807572963457088250735532,no,61.64863450714623844701873938,yes,0.682985265365,0.75,yes,0.765602990694,0.584733190612,0.677936896452,no,28,-0.00206291204898,yes,55,yes,0.149999023907,yes,no outlying indices, , ,NTC OK
130618_M00766_0019_000000000-A4FEU,M00766,in date,in date,in date,93.7029793662,no,10147864,low,556.7555357142857142857142857,very low,0.009213986265598488457965446469,no,93.92568803612893489204865907,no,0.795454516815,0.75,no,0.903828376319,0.6802443544,0.358420132025,no,0,-0.00108250206269,yes,47,yes,0.196901615605,yes,no outlying indices, , ,NTC OK
130624_M00766_0021_000000000-A53PT,M00766,in date,in date,in date,88.7381481461,no,17725761,low,940.8335446428571428571428571,low,0.01162857200832836743679185036,no,89.00165957362557793985654269,no,0.847358388945,0.75,no,0.902745668305,0.78576044597,0.677936896452,no,0,-0.000955397391506,yes,4,yes,0.0482204996302,yes,no outlying indices, , ,NTC OK
130708_M00766_0023_000000000-A20R8,M00766,out of date,in date,out of date,90.9082233765,no,8144995,None,872.0913482142857142857142857,None,0.01545541891101167059285265735,no,90.77572192829966213284090947,no,0.865890366989,0.85,no,0.917985818366,0.810466732447,0.677936896452,no,0,-0.0013571015498,yes,0,yes,0.106613318042,yes,no outlying indices, , ,NTC OK
130712_M00766_0024_000000000-A5AVV,M00766,in date,in date,in date,82.4400774053,no,13180142,low,710.2953705357142857142857143,very low,0.09421955744246035202858575924,yes,82.13078737004196041611041408,yes,0.921946423872,0.8,no,0.923771405849,0.922916778291,0.999980907791,no,0,-0.000592318199526,yes,0,yes,0.208310847074,yes,no outlying indices, , ,NTC OK
130817_M00766_0037_000000000-A4EDD,M00766,in date,in date,in date,93.6130343296,no,14493580,low,748.77209375000000000000000,very low,0.02010093902234762272105767072,no,93.61274473632548534278205586,no,0.948965098948,0.75,no,0.963118087143,0.9338815813,0.840948046391,no,0,-0.00039473149619,no,1,yes,0.437100985848,yes,['50005-d' '60003-d' '112001-f' '50005-f'],['50005-d' '50005-f'],['60003-d' '112001-f'],NTC OK
130902_M00766_0045_000000000-A5BVD,M00766,in date,in date,in date,92.4438833571,no,17107054,low,889.9217566964285714285714286,low,0.02094274768540172710816028749,no,92.34666138962375068721402284,no,0.95011791998,0.75,no,0.967782281883,0.930939671154,0.840948046391,no,0,-0.000289345969733,no,1,yes,0.599365663704,yes,no outlying indices, , ,NTC OK
130909_M00766_0047_000000000-A5PEH,M00766,in date,in date,in date,91.8202410859,no,17818894,low,943.0640379464285714285714286,low,0.01353147199625185144267368374,no,91.90426429994812301926150896,no,0.916586191076,0.8,no,0.938439809827,0.893232452999,0.954129264222,no,0,-0.000837273181941,yes,0,yes,0.36674052335,yes,['Control'],['Control'],[],NTC OK
130913_M00766_0049_000000000-A5B0E,M00766,in date,in date,in date,89.8636118858,no,17433281,low,913.7303214285714285714285714,low,0.02469617138506423565088811656,no,89.17791675052764755062783784,no,0.833933127024,0.75,no,0.885727996228,0.776475013944,0.840948046391,no,0,-0.00116563781539,yes,4,yes,0.0209577529749,no,no outlying indices, , ,NTC OK
130916_M00766_0050_000000000-A5M1U,M00766,in date,in date,in date,86.0618336984,no,22033351,low,1185.417316964285714285714286,OK,0.02846792582778318441290831796,no,86.01222865501697840569732526,no,0.913800225087,0.8,no,0.934768783405,0.890557708155,0.840948046391,no,0,-0.000702350331845,yes,0,yes,0.189935935537,yes,['12M04425'],['12M04425'],[],NTC OK
130918_M00766_0051_000000000-A5BDM,M00766,Run analysis for 130918_M00766_0051_000000000-A5BDM incomplete
130924_M00766_0052_000000000-A5BE6,M00766,in date,in date,in date,67.1951635238,yes,14006895,low,805.1388035714285714285714286,very low,0.09217592085197375745238834777,yes,66.84428290720099609081088547,yes,0.715170386004,0.75,yes,0.770689124565,0.663477723846,0.995844883002,no,16,-0.00197890558704,yes,32,yes,0.491775303502,yes,no outlying indices, , ,NTC OK
131007_M00766_0055_000000000-A59JT,M00766,in date,in date,in date,88.9869303186,no,7066429,low,464.0561361607142857142857143,very low,0.1139476126741443669017495743,yes,90.72661677746453887875333752,no,0.860051952942,0.75,no,0.866118468233,0.852465634407,0.999999999997,no,1,-0.00140218418522,yes,1,yes,0.0210205550599,no,no outlying indices, , ,NTC OK
131025_M00766_0059_000000000-A5P9A,M00766,in date,in date,in date,90.6340956362,no,17754371,low,930.3591004464285714285714286,low,0.03083595660920810582875013841,no,91.40364164616080766452151169,no,0.922417574429,0.8,no,0.935490132214,0.905462811503,0.995844883002,no,0,-0.000949722640813,yes,0,yes,0.514834692823,yes,no outlying indices, , ,NTC OK
131031_M00766_0061_000000000-A5M27,M00766,Run analysis for 131031_M00766_0061_000000000-A5M27 incomplete
140205_M00766_0021_000000000-A7RVR,M00766,in date,in date,in date,96.230318402,no,10640092,low,549.8594129464285714285714286,very low,0.01552561577963388699356449944,no,96.24265056778991080243049681,no,0.77553678677,0.75,no,0.824592136536,0.723197016047,0.840948046391,no,1,-0.0023110886036,yes,65,yes,0.112191947859,yes,no outlying indices, , ,NTC OK
140207_M00766_0022_000000000-A7PH8,M00766,in date,in date,in date,88.3301325398,no,10785103,low,558.1002834821428571428571429,very low,0.05344625401553987269543156610,yes,89.86569921969175043491006991,no,0.851422104243,0.75,no,0.854798479848,0.84338390379,0.999999999997,no,1,-0.00146362480333,yes,1,yes,0.394399264587,yes,no outlying indices, , ,NTC OK
140314_M00766_0027_000000000-A7C5E,M00766,No InterOp data for 140314_M00766_0027_000000000-A7C5E
140424_M00766_0033_000000000-A7BNA,M00766,in date,in date,in date,97.0072243156,no,5094671,low,251.0711116071428571428571429,very low,0.2309973023468649901238057593,yes,98.54692236113700399522739865,no,0.936720878257,0.8,no,0.946448378308,0.925449928741,0.954129264222,no,0,-0.000960882557369,yes,0,yes,0.497958208396,yes,['10M1732'],[],['10M1732'],NTC OK
140514_M00766_0036_000000000-A7BRK,M00766,in date,in date,in date,81.4683675675,no,20334208,low,1124.48275000000000000000000,OK,0.01710141658854168079863079270,no,81.28442515329395893210848565,yes,0.796651747414,0.8,yes,0.836772636587,0.75502261252,0.995844883002,no,0,-0.00241660955218,yes,7,yes,0.51173002616,yes,no outlying indices, , ,NTC OK
140603_M00766_0037_000000000-A7WU9,M00766,in date,in date,in date,80.6391658801,no,20279789,low,1121.290290178571428571428571,OK,0.02018483556253919984566942175,no,81.23631170956512559133144448,yes,0.672623065058,0.75,yes,0.87095566662,0.46478391472,0.240791993419,no,0,-0.00114346366406,yes,73,yes,0.33214353136,yes,no outlying indices, , ,NTC OK
140612_M00766_0039_000000000-A7BNL,M00766,in date,in date,in date,91.3730181589,no,20643048,low,1088.175098214285714285714286,OK,0.01452947691713464330166528699,no,90.36950993956469684084967843,no,0.787658032123,0.75,no,0.826192603617,0.744258542283,0.840948046391,no,19,-0.00221371283893,yes,39,yes,0.119146051012,yes,no outlying indices, , ,NTC OK
140616_M00766_0040_000000000-A78V9,M00766,in date,in date,in date,97.3311095836,no,10710545,low,534.5910602678571428571428571,very low,0.006509650769717490293973802140,no,97.50498035498967207228257023,no,0.814983992091,0.75,no,0.840600794586,0.784900722602,0.954129264222,no,1,-0.00240615786239,yes,30,yes,0.0876741909912,yes,no outlying indices, , ,NTC OK
140620_M02641_0004_000000000-A8R7V,M02641,in date,in date,in date,95.2324443973,no,15895393,low,815.6810535714285714285714286,very low,0.01079285312751967381855165766,no,95.19128858838727187146814533,no,0.920413211105,0.8,no,0.963941475961,0.874681245838,0.358420132025,no,0,-0.00041849794234,no,0,yes,0.4151829889,yes,['14M02611'],['14M02611'],[],NTC OK
140625_M00766_0041_000000000-A8P78,M00766,in date,in date,in date,93.699084513,no,12306226,low,638.31548437500000000000000,very low,0.01594721455863729357266451391,no,93.55158322177074972259287356,no,0.807937392271,0.75,no,0.837208702812,0.774012590095,0.954129264222,no,15,-0.00232659816696,yes,34,yes,0.121749473286,yes,['12M01046'],['12M01046'],[],NTC OK
140715_M02641_0008_000000000-A8P81,M02641,in date,in date,in date,98.3026024741,no,5446264,low,277.5419966517857142857142857,very low,0.02097800467216832482201605054,no,98.42642588093754972149285772,no,0.944949337392,0.8,no,0.954118072,0.935421541973,0.995844883002,no,0,-0.000774340964667,yes,0,yes,0.233159780566,yes,['14M05256'],[],['14M05256'],NTC OK
140804_M02641_0011_000000000-AAD6A,M02641,in date,in date,in date,92.8277802511,no,18236023,low,947.46307812500000000000000,low,0.01424200227663247623467777044,no,92.54733337088708213630759024,no,0.755507864953,0.75,no,0.799086937591,0.706328775349,0.840948046391,no,19,-0.00255581199264,yes,41,yes,0.156435379589,yes,no outlying indices, , ,NTC OK
140813_M00766_0047_000000000-A8PJL,M00766,in date,in date,in date,91.9351840993,no,17936069,low,943.9049553571428571428571429,low,0.02621281937062545598427863998,no,91.97980823921717349573190984,no,0.924652724324,0.8,no,0.943518114253,0.90463217549,0.954129264222,no,0,-0.000682244450958,yes,0,yes,0.354646178189,yes,['11M08823'],['11M08823'],[],NTC OK
140901_M00766_0048_000000000-AA63M,M00766,in date,in date,in date,94.0672572152,no,17640397,low,909.8288504464285714285714286,low,0.02007009772982738979788009457,no,93.89440326647520815399968006,no,0.938620311608,0.8,no,0.960718219363,0.91538393382,0.840948046391,no,0,-0.000441146941399,no,0,yes,0.226427031626,yes,['14M05256'],[],['14M05256'],NTC OK
140905_M02641_0017_000000000-AA3FN,M02641,in date,in date,in date,90.0018936555,no,23949422,low,1015.423990131578947368421053,very low,0.05544766663261452951789960571,yes,89.64376736416113618392543868,no,0.956247954174,0.85,no,0.961760221743,0.950191887999,0.995844883002,no,0,-0.000427711415421,no,0,no,0.479207291195,yes,['14M07917'],[],['14M07917'],NTC OK
140917_M02641_0018_000000000-AA3H7,M02641,in date,in date,in date,91.5858639435,no,24528146,low,1028.546799342105263157894737,very low,0.03515344658777628292608024689,no,91.52370596667859821516870305,no,0.962291001158,0.85,no,0.969985595596,0.95452165307,0.840948046391,no,0,-0.000313763045407,no,0,no,0.275725475295,yes,['14M00640'],['14M00640'],[],NTC OK
141014_M00766_0053_000000000-A8R6M,M00766,in date,in date,in date,89.6386992563,no,19084469,low,1011.432129464285714285714286,OK,0.01400613613696554945693810502,no,90.03421847466804987057911558,no,0.89321306275,0.8,no,0.918648970254,0.865605796355,0.954129264222,no,0,-0.00105608406404,yes,0,yes,0.104406147166,yes,no outlying indices, , ,NTC OK
141017_M02641_0022_000000000-AA66H,M02641,in date,in date,in date,79.2947535245,yes,22430099,low,1210.149169642857142857142857,high,0.01799386177699649505067223179,no,78.97053418466440393938451032,yes,0.87740910982,0.8,no,0.916005129022,0.836483756796,0.995844883002,no,0,-0.000636133312787,yes,0,yes,0.108258080485,yes,['14M02681'],['14M02681'],[],NTC OK
141024_M00766_0056_000000000-A8PC5,M00766,in date,in date,in date,86.6935469123,no,22517755,low,1216.732294642857142857142857,high,0.01744246976842777877708177569,no,86.73065298539019858682598481,no,0.888727301147,0.8,no,0.928814376163,0.846413129115,0.840948046391,no,0,-0.000697078483575,yes,0,yes,0.510779207713,yes,no outlying indices, , ,NTC OK
141024_M02641_0024_000000000-A8P84,M02641,in date,in date,in date,94.9747954813,no,15281418,low,794.70289062500000000000000,very low,0.03110755948969748038697120361,no,95.08988469032655437899672068,no,0.940734765203,0.8,no,0.957440063126,0.923588543249,0.840948046391,no,0,-0.000556621473275,yes,0,yes,0.0778654313192,yes,no outlying indices, , ,NTC OK
141027_M00749_0198_000000000-ABU2A,M00749,in date,out of date,in date,86.26282774,no,32981507,low,1434.095802631578947368421053,high,0.02049617682325509677742888479,no,86.15956633290222822301539454,no,0.938151820597,0.7,no,0.951239173378,0.923174676627,0.995844883002,no,0,-0.000486053428652,no,0,no,0.418334123429,yes,no outlying indices, , ,NTC OK
141031_M00766_0058_000000000-AA3GN,M00766,in date,in date,in date,84.8049245999,no,22830617,low,1020.359988486842105263157895,very low,0.06696289606081485608314526822,yes,85.48519602608931210007024641,no,0.941884996257,0.85,no,0.943572740646,0.937976985904,0.995844883002,no,0,-0.000725982783468,yes,0,no,0.42814374275,yes,no outlying indices, , ,NTC OK
141107_M00766_0060_000000000-AA8PM,M00766,in date,in date,in date,90.0797664073,no,11262793,low,579.4484508928571428571428571,very low,0.03496644861275790594823862730,no,90.21205572502911124228606276,no,0.960279386151,0.8,no,0.966781090447,0.95389709549,0.995844883002,no,0,-0.000138064844289,no,0,no,0.227360049509,yes,['14M08238' '14M09145' '14M09855'],['14M08238' '14M09145' '14M09855'],[],NTC OK
141113_M02641_0025_000000000-A8RTY,M02641,in date,in date,in date,97.3253180255,no,9834883,low,502.4440647321428571428571429,very low,0.04991067083100657366918059679,no,97.48867220339753273187167743,no,0.91482904008,0.8,no,0.928018968821,0.900377909666,0.954129264222,no,0,-0.00131995563116,yes,0,yes,0.736818214481,yes,no outlying indices, , ,NTC OK
141118_M00766_0061_000000000-A8P8J,M00766,in date,in date,in date,92.7322080854,no,19181201,low,1009.90740625000000000000000,OK,0.02796123017003647635866217516,no,92.31199767719848778532545057,no,0.935723050212,0.8,no,0.947732808979,0.922177292581,0.954129264222,no,0,-0.000623100469427,yes,0,yes,0.131909190932,yes,['14M07799'],['14M07799'],[],NTC OK
141125_M00766_0062_000000000-A7BKW,M00766,out of date,in date,in date,94.9830471515,no,14809543,low,762.93670312500000000000000,very low,0.01858933609410100671751590914,no,95.09637139455333782721594689,no,0.893789600133,0.8,no,0.963115469103,0.829773623598,0.240791993419,no,0,-0.000419113695451,no,4,no,0.334968349024,yes,no outlying indices, , ,NTC OK
141208_M00766_0063_000000000-A8P7C,M00766,in date,in date,in date,90.0509936785,no,21795042,low,1153.004053571428571428571429,OK,0.02094100797829856656235418662,no,89.94104714755698405587013373,no,0.898260640965,0.8,no,0.944636060315,0.858694749284,0.677936896452,no,0,-0.000600483900032,yes,3,yes,0.328908652545,yes,no outlying indices, , ,NTC OK
141208_M02641_0026_000000000-A8R55,M02641,in date,in date,in date,94.9911506021,no,13800416,low,717.5691450892857142857142857,very low,0.02759583695596823412401949235,no,95.10778035720777568307288015,no,0.846082557081,0.8,no,0.94004407294,0.747625387832,0.358420132025,no,0,-0.000782346347371,yes,5,yes,0.524471366967,yes,no outlying indices, , ,NTC OK
141212_M00766_0064_000000000-ACCEB,M00766,in date,in date,in date,81.1932991802,no,20826514,low,1127.545986607142857142857143,OK,0.02187498964663838782674684063,no,81.01623152899320083870498069,yes,0.740576194241,0.8,yes,0.808158551677,0.67993015859,0.995844883002,no,0,-0.00285916078371,yes,24,yes,0.283075597089,yes,['6'],['6'],[],NTC OK
141216_M00766_0065_000000000-ACCDT,M00766,in date,in date,in date,79.0857808479,yes,20548879,low,1120.726524553571428571428571,OK,0.02252035575867004782612297608,no,79.08481389792483838870320101,yes,0.773980871689,0.8,yes,0.841620027026,0.704045809619,0.840948046391,no,0,-0.00218684797679,yes,16,yes,0.556317437653,yes,['13M11854'],[],['13M11854'],NTC OK
141219_M00766_0066_000000000-ACCB1,M00766,in date,in date,in date,84.1074790438,no,16554828,low,882.4453928571428571428571429,low,0.03018760674678998549795319534,no,83.54398290337614140202006958,yes,0.716306917213,0.8,yes,0.7779356676,0.660606857047,0.999980907791,no,0,-0.00347974649387,yes,18,yes,0.878196886903,yes,['13M12119'],[],['13M12119'],NTC OK
141222_M00766_0067_000000000-ACCB3,M00766,in date,in date,in date,67.765325531,yes,14253970,low,760.3919821428571428571428571,very low,0.02981504227469948112190498763,no,68.18741363028515679940347689,yes,0.821393686653,0.8,no,0.854556540021,0.784264504686,0.954129264222,no,0,-0.00212026257892,yes,11,yes,0.272831581579,yes,no outlying indices, , ,NTC OK
150112_M00766_0068_000000000-A8PD8,M00766,in date,in date,in date,94.8170281425,no,15773684,low,797.5388303571428571428571429,very low,0.02858200351352876377543027049,no,94.98946403855704921136397661,no,0.92451490703,0.8,no,0.938764599257,0.908625888268,0.995844883002,no,0,-0.000908449519254,yes,0,yes,0.205766766697,yes,no outlying indices, , ,NTC OK
150114_M00766_0069_000000000-AA68B,M00766,in date,in date,in date,77.8261626416,yes,20704375,low,1148.075799107142857142857143,OK,0.02439712003705212579535560350,no,77.33153324902558727434069697,yes,0.863805951407,0.8,no,0.919494104427,0.813329982046,0.954129264222,no,0,-0.000606814817859,yes,4,yes,0.189230804885,yes,['14M09058'],['14M09058'],[],NTC OK
150116_M00766_0070_000000000-ACC3G,M00766,in date,in date,in date,86.2970148651,no,14147272,low,752.80145312500000000000000,very low,0.04098568943899593918138426982,no,86.23220229734756438518112872,no,0.9336187397,0.8,no,0.957945689585,0.917690722628,0.954129264222,no,0,-0.000143260222712,no,3,no,0.376492793315,yes,['14M11762-2' '3M0956-2' '3M0956' '14M11762'],['14M11762-2' '3M0956-2' '3M0956' '14M11762'],[],NTC OK
150120_M00766_0071_000000000-AA63K,M00766,in date,in date,in date,85.969426001,no,14794255,low,793.1928883928571428571428571,very low,0.05598996796654338075730541192,yes,87.45920644400756637641686984,no,0.907790638024,0.8,no,0.934867734511,0.892847734448,0.954129264222,no,0,-0.000608341511525,yes,3,yes,0.44894999441,yes,['9M4318'],[],['9M4318'],NTC OK
150127_M00766_0072_000000000-ABRK7,M00766,in date,in date,out of date,94.2570893031,no,17854832,low,926.0781696428571428571428571,low,0.02951072338989345861252896085,no,94.34352003109586666596630931,no,0.932572833017,0.8,no,0.95667638722,0.906913630806,0.677936896452,no,0,-0.000540760230803,yes,0,yes,0.235579121439,yes,['14M12186'],[],['14M12186'],NTC OK
150127_M02641_0027_000000000-AA65J,M02641,in date,in date,out of date,94.461301178,no,15926233,low,820.6824174107142857142857143,very low,0.03519802936613267492736733699,no,94.29591556392650505627738063,no,0.930137408939,0.8,no,0.959525556948,0.900804844086,0.677936896452,no,0,-0.000464597659121,no,0,yes,0.416524713875,yes,no outlying indices, , ,NTC OK
150130_M00766_0073_000000000-ACBVB,M00766,in date,in date,in date,81.2781494276,no,23929178,low,1312.989638392857142857142857,very high,0.01797153051278407231719850202,no,81.13322148831717071031895935,yes,0.662355643809,0.75,yes,0.702155804894,0.619615637964,0.840948046391,no,47,-0.00336105092809,yes,64,yes,0.313798497574,yes,no outlying indices, , ,NTC OK
150203_M00766_0074_000000000-AAUMH,M00766,in date,in date,in date,81.6067535558,no,16649356,low,884.3212410714285714285714286,low,0.05242824689274765001561895469,yes,81.24510190924835007291957188,yes,0.903422175957,0.8,no,0.928859553733,0.88526878113,0.954129264222,no,0,-0.000478813642589,no,3,no,0.35670128177,yes,['13M70724' '13M70411' '13M70386' '13M70429' '13M70467'],['13M70724' '13M70386'],['13M70411' '13M70429' '13M70467'],NTC OK
150203_M02641_0028_000000000-ACBYG,M02641,in date,in date,in date,89.6430414013,no,18845203,low,988.6000892857142857142857143,low,0.01474304426013587505976418172,no,90.07793289419869276417416677,no,0.828405751577,0.8,no,0.867949754879,0.788493263559,0.995844883002,no,0,-0.00223049075246,yes,3,yes,0.317597568535,yes,['13M12250' '15M00579'],['15M00579'],['13M12250'],NTC OK
150205_M00766_0075_000000000-ACC43,M00766,in date,in date,in date,93.254001435,no,17676890,low,914.0169352678571428571428571,low,0.03861733978920689258012011335,no,93.30737695301370000770981594,no,0.859498638454,0.8,no,0.894522971642,0.83020614647,0.954129264222,no,0,-0.00193939234397,yes,4,yes,0.582757117534,yes,no outlying indices, , ,NTC OK
150205_M02641_0029_000000000-ACCE2,M02641,in date,in date,in date,87.5710548296,no,18965301,low,1006.644991071428571428571429,OK,0.01907355638367833172486321985,no,87.68224711840603020213992110,no,0.829796935211,0.8,no,0.866301712538,0.79202212818,0.995844883002,no,0,-0.00221364213748,yes,2,yes,0.25962771866,yes,['13M12234' '15M00575'],['13M12234' '15M00575'],[],NTC OK
150220_M00766_0077_000000000-AA2U8,M00766,in date,in date,in date,11.2988503235,yes,3422864,low,175.397843750000000000000000,very low,0.06938741108079530576628029391,yes,0.000000,yes,0.632108626597,0.9,yes,0.8844395984,0.470345604868,0.954129264222,no,0,0.0,no,26,no,0.649696929962,yes,no outlying indices, , ,NTC OK
150224_M00766_0078_000000000-ACMP5,M00766,in date,in date,in date,82.4895953677,no,36080266,low,1546.849967105263157894736842,very high,0.02428265718454546762416066832,no,82.28201300808156902525164000,yes,0.931679110309,0.85,no,0.948683195407,0.912679412803,0.840948046391,no,0,-0.000477717717923,no,0,no,0.221974271922,yes,['14M09093'],[],['14M09093'],NTC OK
150227_M00766_0079_000000000-ACPR9,M00766,in date,in date,in date,91.9722520436,no,29954337,low,1225.663368421052631578947368,OK,0.01938604884651441013134162643,no,91.98158202002219202233262906,no,0.964635377838,0.85,no,0.973718179552,0.95481846296,0.840948046391,no,0,-0.000300486791003,no,0,no,0.181168111511,yes,no outlying indices, , ,NTC OK
150227_M02641_0032_000000000-ACNF3,M02641,in date,in date,in date,90.2940909723,no,25317785,low,1066.300715460526315789473684,very low,0.07637522518721272961447930557,yes,90.51943081157553581855779995,no,0.957315924984,0.85,no,0.969496511115,0.943875137576,0.840948046391,no,0,-0.000272832275225,no,0,no,0.804133479225,yes,['14M08864'],[],['14M08864'],NTC OK
150302_M02641_0033_000000000-ACC9K,M02641,in date,in date,in date,86.4847090415,no,20383236,low,1091.558361607142857142857143,OK,0.009131660102912446547678885134,no,86.42288315496556365385806992,no,0.879403795038,0.8,no,0.923332856627,0.834293610509,0.954129264222,no,0,-0.000854220924047,yes,0,yes,0.506643711939,yes,no outlying indices, , ,NTC OK
150306_M00766_0080_000000000-ACNEP,M00766,in date,in date,in date,94.1060185516,no,26017554,low,1059.916703947368421052631579,very low,0.02141964928892400176067203070,no,94.16899833767793776109828757,no,0.970083627073,0.85,no,0.978487994682,0.961732809574,0.840948046391,no,0,-0.000286250758108,no,0,no,0.202532994917,yes,['13M11429'],['13M11429'],[],NTC OK
150306_M02641_0034_000000000-ACRUF,M02641,in date,in date,in date,91.3954654596,no,24975924,low,1049.158277960526315789473684,very low,0.006780785352910791366341230994,no,91.29695365612878779267350908,no,0.951235870598,0.85,no,0.970098715867,0.931530827315,0.954129264222,no,0,-0.000407661742824,no,0,yes,0.17396672924,yes,no outlying indices, , ,NTC OK
150309_M02641_0035_000000000-ACC3J,M02641,in date,in date,in date,88.87450927,no,22186253,low,1157.179495535714285714285714,OK,0.01708837862794352848444842460,no,89.04457182153502310700935213,no,0.79384733493,0.8,yes,0.837694674868,0.748475457941,0.995844883002,no,0,-0.00274500172815,yes,7,yes,0.301408679293,yes,['15M00579'],['15M00579'],[],NTC OK
150311_M00766_0081_000000000-ACN0W,M00766,in date,in date,in date,92.0794737605,no,28700881,low,1177.631779605263157894736842,low,0.01615794222382519420609490787,no,92.53206437967193252057906770,no,0.961910205095,0.85,no,0.972496036852,0.950816390619,0.840948046391,no,0,-0.000343805774314,no,0,no,0.308791352737,yes,no outlying indices, , ,NTC OK
150311_M02641_0036_000000000-AD8VB,M02641,in date,in date,in date,94.0269406822,no,26337766,low,1071.986789473684210526315789,very low,0.02751936861983179331345994594,no,93.38358703469129355960904636,no,0.958369935688,0.85,no,0.965401230562,0.95150865567,0.954129264222,no,0,-0.00067450073375,yes,0,no,0.383479396794,yes,['14M07894'],[],['14M07894'],NTC OK
150313_M02641_0037_000000000-ACC8R,M02641,in date,in date,in date,94.5095894273,no,17647098,low,906.64631250000000000000000,low,0.01722796846118774916144921814,no,93.72822990886165647743606410,no,0.942129064269,0.8,no,0.959504039393,0.924203068733,0.677936896452,no,0,-0.000511878444603,yes,0,yes,0.115777719971,yes,no outlying indices, , ,NTC OK
150325_M00766_0084_000000000-AD8KN,M00766,in date,in date,in date,93.0443296898,no,26726137,low,1096.119766447368421052631579,very low,0.02508544555904824847169052901,no,93.52375298237516558222722335,no,0.964793872811,0.85,no,0.974491387713,0.954509338929,0.840948046391,no,0,-0.000343151535789,no,0,no,0.617503291195,yes,no outlying indices, , ,NTC OK
150325_M02641_0038_000000000-AD8KY,M02641,in date,in date,in date,92.8928095637,no,28292154,low,1150.893105263157894736842105,low,0.01639571514557455627361470052,no,92.99335169476668880498245793,no,0.968627850103,0.85,no,0.974411555939,0.962599678578,0.954129264222,no,0,-0.000302018772529,no,0,no,0.271318522313,yes,no outlying indices, , ,NTC OK
150401_M00766_0086_000000000-ACBU5,M00766,in date,in date,in date,90.4493702311,no,18801773,low,986.6817165178571428571428571,low,0.02918237323863869526017050053,no,90.75912326800322634957454146,no,0.840103937144,0.8,no,0.871946344198,0.806591927149,0.995844883002,no,0,-0.00229574596329,yes,6,yes,2.25607967727,yes,['15M00594' '15M00616'],[],['15M00594' '15M00616'],NTC OK
150402_M00766_0087_000000000-ACCAY,M00766,in date,in date,in date,88.6379197159,no,17224632,low,896.3346830357142857142857143,low,0.06834151842452906476474641146,yes,91.27089887756603978853877815,no,0.851663434199,0.8,no,0.881729201522,0.819979711313,0.954129264222,no,0,-0.0022033179398,yes,5,yes,0.493904358782,yes,no outlying indices, , ,NTC OK
150407_M00766_0088_000000000-ACCAT,M00766,in date,in date,in date,86.0052759614,no,20081955,low,1075.426102678571428571428571,OK,0.03195084840598958428343929590,no,86.14662649560207016011460568,no,0.800601186649,0.8,no,0.851900155608,0.747879983077,0.954129264222,no,0,-0.00236896176924,yes,12,yes,0.620389515057,yes,no outlying indices, , ,NTC OK
150410_M00766_0089_000000000-ACBU4,M00766,in date,in date,out of date,94.4563263021,no,16861157,low,867.0412477678571428571428571,low,0.02185083090905593698450307827,no,94.41522913065744885132941578,no,0.936357842723,0.8,no,0.967200522534,0.908772313527,0.507657953357,no,0,-0.000431592805094,no,0,yes,0.248691332478,yes,['14M04128'],['14M04128'],[],NTC OK
150414_M00766_0090_000000000-AAU39,M00766,in date,in date,in date,86.0406755101,no,14841878,low,771.5068169642857142857142857,very low,0.03988045259255806442457376688,no,87.18613071491297142452373179,no,0.936266844441,0.8,no,0.950581526121,0.92140197679,0.954129264222,no,0,-0.000257705120398,no,0,no,0.169484433822,yes,['13M70646'],['13M70646'],[],NTC OK
150423_M02641_0041_000000000-ACN0P,M02641,in date,in date,in date,91.9690952043,no,30009055,low,1228.412861842105263157894737,OK,0.02795665215987036934937696153,no,92.29046789341719433938209171,no,0.950095813802,0.85,no,0.967250117451,0.933055323913,0.840948046391,no,0,-0.000472547914286,no,0,no,0.539179452476,yes,['15M03290'],[],['15M03290'],NTC OK
150427_M02641_0042_000000000-AD8LB,M02641,in date,in date,in date,97.4766350935,no,4116334,low,164.4147138157894736842105263,very low,0.05712252422157855348685948717,yes,97.31815192187377897290613290,no,0.95813201255,0.85,no,0.972512622478,0.952689015679,0.954129264222,no,0,-0.000321624536454,no,0,no,0.473537293223,yes,no outlying indices, , ,NTC OK
150429_M02641_0043_000000000-AD8KJ,M02641,in date,in date,in date,77.8176586509,yes,32906358,low,1415.041246710526315789473684,high,0.01877102329855945373823267652,no,78.17804870864066141522309964,yes,0.898304590733,0.85,no,0.920255555882,0.87593571917,0.840948046391,no,0,-0.000892147404052,yes,0,yes,0.503123938323,yes,no outlying indices, , ,NTC OK
150430_M00766_0092_000000000-AD77P,M00766,in date,in date,in date,86.4781989333,no,33656164,low,1420.365720394736842105263158,high,0.02921542287884203828168998607,no,86.06058334884121027020328591,no,0.94126879531,0.85,no,0.956387424307,0.924946600965,0.954129264222,no,0,-0.000531452074971,yes,0,yes,0.327852190409,yes,no outlying indices, , ,NTC OK
150430_M02641_0044_000000000-AD8VC,M02641,in date,in date,in date,86.9367725039,no,27790413,low,1196.124473684210526315789474,low,0.02291143868470951164345080498,no,87.46229243497027580220352016,no,0.929051233412,0.85,no,0.953871366599,0.903681594081,0.840948046391,no,0,-0.000600183959636,yes,0,yes,0.404739718693,yes,no outlying indices, , ,NTC OK
150501_M00766_0093_000000000-AF9MH,M00766,in date,in date,in date,87.2253396086,no,34467195,low,1450.646105263157894736842105,high,0.02201188861826800836281754177,no,87.01969519684268288860097287,no,0.941388588501,0.85,no,0.9563947895,0.925692712737,0.840948046391,no,0,-0.000567619293372,yes,0,yes,0.382981578466,yes,['14M11012'],[],['14M11012'],NTC OK
150501_M02641_0045_000000000-AD6UA,M02641,in date,in date,in date,80.851932885,no,25913017,low,1131.045126644736842105263158,low,0.01512553840262445334138972026,no,81.30408463708324030507508304,yes,0.930892793809,0.85,no,0.929915339975,0.932685703097,0.999980907791,no,0,-0.000548027551231,yes,0,no,0.448194678799,yes,no outlying indices, , ,NTC OK
150506_M00766_0094_000000000-AEVP8,M00766,in date,in date,in date,89.4984018785,no,20688072,low,1090.205553571428571428571429,OK,0.02988823202192693513293517976,no,89.72168387156554603174863491,no,0.924582089871,0.8,no,0.945682182122,0.901987464209,0.840948046391,no,0,-0.00051215268615,yes,0,yes,0.232513709022,yes,no outlying indices, , ,NTC OK
150507_M00766_0095_000000000-AF7N3,M00766,in date,in date,in date,92.6658174304,no,27410104,low,1119.712180921052631578947368,low,0.03660270786467950734007926002,no,93.53274365410414834720517995,no,0.961592519387,0.85,no,0.974096452899,0.949531819361,0.840948046391,no,0,-0.000363892749538,no,0,no,0.29241141832,yes,['14M10600'],[],['14M10600'],NTC OK
150507_M02641_0046_000000000-AF7N5,M02641,in date,in date,in date,92.9775298313,no,27595623,low,1124.359493421052631578947368,low,0.04029800050713131575631709239,no,93.14240818994105360442454969,no,0.952265006444,0.85,no,0.969809441157,0.935556064573,0.840948046391,no,0,-0.000535033658281,yes,0,no,0.394565790057,yes,no outlying indices, , ,NTC OK
150508_M00766_0096_000000000-AF9MW,M00766,in date,in date,in date,91.456518288,no,29237117,low,1200.322078947368421052631579,OK,0.04936236003169359409127927753,no,92.60007460576889324648298611,no,0.956836167351,0.85,no,0.970220343773,0.943332996889,0.840948046391,no,0,-0.000392031512998,no,0,no,0.372284116951,yes,no outlying indices, , ,NTC OK
150508_M02641_0047_000000000-AF7NG,M02641,in date,in date,in date,89.2920957455,no,33452889,low,1376.666539473684210526315789,OK,0.03235749343907468831801857387,no,90.45954114858190590598152343,no,0.944910757818,0.85,no,0.961087695196,0.928741008886,0.840948046391,no,0,-0.000484867359402,no,0,no,0.379149855465,yes,no outlying indices, , ,NTC OK
150511_M02641_0048_000000000-AEUGT,M02641,in date,in date,in date,25.8222579622,yes,3140165,low,125.9118015698884660263157895,very low,0.1133779468747600107625292661,yes,14.42972755336782900212643572,yes,0.537066205747,0.7,yes,0.381846281326,0.680196448276,0.358420132025,no,205,-0.00231043974464,yes,25,yes,0.171769290927,yes,['14M12235'],[],['14M12235'],NTC OK
150515_M00766_0098_000000000-AF9ND,M00766,in date,in date,in date,96.8787399523,no,15942131,low,638.6352532894736842105263158,very low,0.03006758749059460274060850315,no,96.97619152304737588803020753,no,0.979947884276,0.85,no,0.987054436658,0.974463544428,0.840948046391,no,0,-0.000243987139578,no,0,no,0.336277502101,yes,no outlying indices, , ,NTC OK
150516_M00766_0099_000000000-AF81F,M00766,in date,in date,in date,92.0597323162,no,29948630,low,1238.429217105263157894736842,OK,0.01726943610905480368982479742,no,91.83052300140724393671230700,no,0.960823526735,0.85,no,0.972491618704,0.949054757207,0.840948046391,no,0,-0.000362719762698,no,0,no,0.30548704702,yes,no outlying indices, , ,NTC OK
150518_M00766_0100_000000000-AATJ7,M00766,in date,in date,in date,89.6123163279,no,7467630,low,351.2212287946428571428571429,very low,0.03758972286933645774803233712,no,88.72163291135104666373200058,no,0.941062647894,0.8,no,0.95572264463,0.925867044371,0.840948046391,no,0,-0.00037128707227,no,0,yes,2.6174883133,yes,['Faststart' '360Taq4mM' '360Taq2mM'],[],['Faststart' '360Taq4mM' '360Taq2mM'],NTC OK
150521_M00766_0102_000000000-AF9MV,M00766,in date,in date,in date,89.6457873322,no,30563261,low,1273.659164473684210526315789,OK,0.04372854831483638205571733647,no,90.95531328324731058054602021,no,0.95231647234,0.85,no,0.964921576922,0.939274294498,0.840948046391,no,0,-0.000507057334665,yes,0,no,0.358006732498,yes,['14M09383'],[],['14M09383'],NTC OK
150521_M02641_0051_000000000-AF9JH,M02641,in date,in date,in date,85.4273292392,no,20774323,low,847.1236282894736842105263158,very low,0.09354860197093772142815537323,yes,85.94424886288899211848753466,no,0.924141791269,0.85,no,0.931709395937,0.91686486759,0.995844883002,no,0,-0.000989793161389,yes,0,no,0.409280657573,yes,no outlying indices, , ,NTC OK
150522_M00766_0103_000000000-AF9M3,M00766,in date,in date,in date,88.2546426216,no,33587117,low,1405.619572368421052631578947,high,0.02630522699756163645048986010,no,88.41864078584488978186401834,no,0.944663854449,0.85,no,0.958525696624,0.929623696689,0.840948046391,no,0,-0.000561875891585,yes,0,yes,0.398712608903,yes,no outlying indices, , ,NTC OK
150522_M02641_0052_000000000-AF82F,M02641,in date,in date,in date,77.7302205969,yes,26557402,low,1103.832194078947368421052632,low,0.04596562106376046719132555397,no,76.97239048078289524026998566,yes,0.907116076005,0.85,no,0.922792936849,0.891070363986,0.995844883002,no,0,-0.000798491480768,yes,0,yes,0.366614911507,yes,['15M05218'],[],['15M05218'],NTC OK
150526_M02641_0053_000000000-AFHDV,M02641,in date,in date,in date,48.4207947176,yes,7559009,low,310.8307423930921052631578947,very low,0.2296451821792046020994862701,yes,50.55621354928980615276759325,yes,0.641223971239,0.7,yes,0.512846556341,0.759166053381,0.507657953357,no,146,-0.00396209490149,yes,1,yes,0.339718068814,yes,['14M12202'],[],['14M12202'],NTC OK
150528_M00766_0105_000000000-AF9MJ,M00766,in date,in date,in date,91.4092632144,no,30434248,low,1259.146019736842105263157895,OK,0.03302724049871523742500720812,no,91.41541271839250067780783087,no,0.959097994728,0.85,no,0.96908123988,0.948961190038,0.840948046391,no,0,-0.000439178298629,no,0,no,0.431428455528,yes,['14M12059'],[],['14M12059'],NTC OK
150529_M00766_0106_000000000-AEVP5,M00766,in date,in date,in date,88.3588616605,no,15502868,low,806.7577924107142857142857143,very low,0.03265265848579282776136847290,no,89.36920487607018497181009844,no,0.913312481819,0.8,no,0.926622245058,0.898237175485,0.995844883002,no,0,-0.000822141611193,yes,0,yes,0.32148527897,yes,['13M70706' '13M70790'],['13M70706' '13M70790'],[],NTC OK
150601_M00766_0107_000000000-AF9N8,M00766,in date,in date,in date,96.7089986909,no,17833767,low,714.0694161184210526315789474,very low,0.03648650717434130823701047672,no,97.19352163522218981910457134,no,0.979157075764,0.85,no,0.986190805341,0.97361431865,0.840948046391,no,0,-0.00024947894039,no,0,no,0.377671830407,yes,['15M05723'],['15M05723'],[],NTC OK
150602_M00766_0108_000000000-AFMB8,M00766,in date,in date,in date,87.606504894,no,33648503,low,1419.09212500000000000000000,high,0.01720751647315023478202692253,no,87.22658940985258136967522411,no,0.822401145579,0.7,no,0.847305749382,0.792803060511,0.840948046391,no,19,-0.00190908632708,yes,33,yes,0.367225522646,yes,['14M12202'],[],['14M12202'],NTC OK
150603_M02641_0056_000000000-AEY8R,M02641,in date,in date,in date,75.7790429939,yes,10182405,low,516.54077343750000000000000,very low,0.05249366707471466052202900515,yes,76.27205413528861115384153634,yes,0.921276497974,0.8,no,0.932020082389,0.910843613362,0.995844883002,no,0,-0.000184430446042,no,0,no,0.0599785236903,yes,['15M05343' '15M05476-2'],['15M05476-2'],['15M05343'],NTC OK
150604_M00766_0109_000000000-AFJ62,M00766,in date,in date,in date,90.2875857134,no,30654786,low,1283.025013157894736842105263,OK,0.01956643355870764858529946484,no,90.53163814356355985631087835,no,0.948542434921,0.85,no,0.965771624698,0.930182168618,0.840948046391,no,0,-0.000469897621488,no,0,yes,0.425372942018,yes,no outlying indices, , ,NTC OK
150604_M02641_0057_000000000-AFL7N,M02641,in date,in date,in date,83.6850968771,no,20989024,low,846.0442804276315789473684211,very low,0.08956494487842108446794777017,yes,87.12276585774418344387923795,no,0.928789234093,0.85,no,0.944118182913,0.915137497262,0.840948046391,no,0,-0.000647825467054,yes,0,no,0.760727603006,yes,no outlying indices, , ,NTC OK
150605_M00766_0110_000000000-AF80F,M00766,in date,in date,in date,83.8600541752,no,32100609,low,1379.937549342105263157894737,OK,0.01960615216416330092602592524,no,84.32755410810994619142670199,yes,0.924139958083,0.85,no,0.946057170442,0.898459084894,0.840948046391,no,0,-0.00071065725133,yes,0,yes,1.15297764526,yes,['15M01355'],[],['15M01355'],NTC OK
150605_M02641_0058_000000000-AFF15,M02641,in date,in date,in date,86.9846066825,no,20446753,low,822.3139671052631578947368421,very low,0.02685075755696757674940159101,no,87.57119134461417924515992296,no,0.937384085422,0.85,no,0.948485062641,0.926692159549,0.954129264222,no,0,-0.00062226560293,yes,0,no,0.389657897554,yes,['14M08356'],['14M08356'],[],NTC OK
150610_M00766_0111_000000000-AFMWF,M00766,in date,in date,in date,89.8899344602,no,32008549,low,1328.173138157894736842105263,OK,0.01581285816055103506644716799,no,89.88020526026338381730021866,no,0.949119545168,0.85,no,0.963729760654,0.934470018827,0.840948046391,no,0,-0.00052315248786,yes,0,yes,0.427667608249,yes,['14M10378'],[],['14M10378'],NTC OK
150610_M02641_0059_000000000-AFN4H,M02641,in date,in date,in date,82.3027569821,no,25297112,low,1022.965712171052631578947368,very low,0.02410521889457005429564074604,no,83.08052852615792179881970103,yes,0.911021932994,0.85,no,0.931915764403,0.890267634767,0.840948046391,no,0,-0.0007799889853,yes,0,yes,0.522636058725,yes,['15M03072'],[],['15M03072'],NTC OK
150611_M02641_0060_000000000-AFN2Y,M02641,in date,in date,in date,76.6897764391,yes,23799396,low,947.2642598684210526315789474,very low,0.05479716339412350464308276303,yes,75.82468841634278792379263262,yes,0.886815691308,0.85,no,0.905506710058,0.867377437646,0.995844883002,no,0,-0.00115795463332,yes,0,yes,0.39557891028,yes,no outlying indices, , ,NTC OK
150612_M00766_0112_000000000-AFMW5,M00766,in date,in date,in date,85.2765919195,no,34132691,low,1448.125549342105263157894737,high,0.01958517892680779223942831950,no,85.05411962567553229432230979,no,0.931557330371,0.85,no,0.950806535978,0.911047294415,0.840948046391,no,0,-0.000610296571807,yes,0,yes,0.423634638015,yes,no outlying indices, , ,NTC OK
150612_M02641_0061_000000000-AFMVT,M02641,in date,in date,in date,79.3410486011,yes,25070490,low,1016.958189144736842105263158,very low,0.03704012440674014526954724451,no,80.10224247983132718511632690,yes,0.903473321812,0.85,no,0.926452958837,0.880192306306,0.840948046391,no,0,-0.000785839534173,yes,0,yes,0.440477779602,yes,['15M04137'],[],['15M04137'],NTC OK
150615_M00766_0113_000000000-AFBH3,M00766,in date,in date,in date,89.3839904555,no,20944521,low,1111.43789062500000000000000,OK,0.03750575488221434918044218444,no,89.08456197429079329879312171,no,0.713634567358,0.75,yes,0.816324231999,0.605347753765,0.507657953357,no,24,-0.00232129714507,yes,53,yes,0.114450797544,yes,['15M01148'],[],['15M01148'],NTC OK
150615_M02641_0062_000000000-AFH7C,M02641,in date,in date,in date,76.7102054872,yes,21607117,low,847.9618042763157894736842105,very low,0.05103257599947530235189549063,yes,78.09899482023741130115129145,yes,0.896923925692,0.85,no,0.910285626722,0.884318221013,0.995844883002,no,0,-0.000929439468242,yes,0,yes,0.237058516759,yes,['15M04473'],[],['15M04473'],NTC OK
150619_M00766_0114_000000000-AFMYN,M00766,in date,in date,in date,92.1565208815,no,28125244,low,1158.452565789473684210526316,low,0.03441071976199498384891506281,no,93.20828435520199730563565475,no,0.958628255632,0.85,no,0.972416694886,0.944057793774,0.840948046391,no,0,-0.000410560305288,no,0,yes,0.339155930865,yes,no outlying indices, , ,NTC OK
150619_M02641_0063_000000000-AFN2W,M02641,in date,in date,in date,86.3129969474,no,22890237,low,921.1523240131578947368421053,very low,0.03162214477417757401046009485,no,86.50925677346145616966919907,no,0.930535853685,0.85,no,0.944463248677,0.917345487802,0.954129264222,no,0,-0.000663554184234,yes,0,yes,0.373017574142,yes,no outlying indices, , ,NTC OK
150622_M00766_0115_000000000-AFN2H,M00766,in date,in date,in date,93.2875158174,no,26234040,low,1075.611297697368421052631579,very low,0.02057840355950860667446020708,no,93.40728210475236345621483605,no,0.964724785822,0.85,no,0.97473344962,0.955574093303,0.840948046391,no,0,-0.000383911872687,no,0,no,0.383334870433,yes,['15M05252'],[],['15M05252'],NTC OK
150623_M00766_0116_000000000-AFLEW,M00766,in date,in date,in date,87.7026277902,no,20733081,low,1104.09606250000000000000000,OK,0.03492320828328206747199692836,no,86.86714671147917336227496530,no,0.844660809488,0.8,no,0.892663482644,0.793871083135,0.840948046391,no,0,-0.00192678750239,yes,9,yes,0.427711598586,yes,no outlying indices, , ,NTC OK
150625_M02641_0065_000000000-AEY2A,M02641,in date,in date,in date,67.3086304272,yes,7123794,low,354.4357879464285714285714286,very low,0.02740307055271341353935264091,no,65.50908534677204263164702438,yes,0.900350240607,0.8,no,0.905902834755,0.894673599099,0.999980907791,no,0,-0.000187192566763,no,0,no,0.285199324289,yes,['15M06230-2' '15M06230' '15M06510-2'],['15M06230-2' '15M06230' '15M06510-2'],[],NTC OK
150703_M00766_0117_000000000-AFN2F,M00766,in date,in date,in date,89.9328101094,no,28300840,low,1173.625871710526315789473684,low,0.03609077433751859559890144260,no,90.41584647912476565099196431,no,0.949192314531,0.85,no,0.95813758932,0.939843364367,0.840948046391,no,0,-0.000624282197346,yes,0,no,0.273890576231,yes,['15M06941'],[],['15M06941'],NTC OK
150703_M02641_0001_000000000-AFMW2,M02641,in date,in date,in date,92.3482314602,no,29421610,low,1208.962674342105263157894737,OK,0.01925146426775052642383052209,no,92.63673152527201334115901726,no,0.956607654559,0.85,no,0.969582899554,0.94384289235,0.840948046391,no,0,-0.00044349861704,no,0,no,0.643772981947,yes,no outlying indices, , ,NTC OK
150706_M00766_0118_000000000-AF512,M00766,in date,in date,in date,94.4229331256,no,16447526,low,844.1498660714285714285714286,very low,0.01636777114312282365801658728,no,94.55234868273145625982006246,no,0.860411680176,0.75,no,0.894163201201,0.823971713436,0.840948046391,no,1,-0.00153703378083,yes,1,yes,0.177239804455,yes,no outlying indices, , ,NTC OK
150709_M02641_0004_000000000-AFMPC,M02641,in date,in date,in date,94.2017802855,no,27443669,low,1115.769019736842105263157895,low,0.03655456912539951503130634762,no,95.49914990952707246359556911,no,0.965021291616,0.85,no,0.976298393144,0.954479872692,0.840948046391,no,0,-0.000394311713392,no,0,no,0.384942708957,yes,no outlying indices, , ,NTC OK
150727_M00766_0119_000000000-AF3TM,M00766,in date,in date,in date,88.8615679247,no,15391937,low,825.3633861607142857142857143,very low,0.05559514697424819536496563396,yes,88.28495537990981791997623147,no,0.919603455347,0.8,no,0.950096196556,0.886677394106,0.840948046391,no,0,-0.000384707927283,no,0,yes,0.60507098757,yes,no outlying indices, , ,NTC OK
150727_M02641_0007_000000000-AGEW7,M02641,in date,in date,in date,91.5639431693,no,31830282,low,1309.033753289473684210526316,OK,0.01531180178347933635405886423,no,91.89057723013181169123834997,no,0.761411763946,0.7,no,0.801254959719,0.715549416802,0.358420132025,no,29,-0.00266024492484,yes,56,yes,0.333953410039,yes,['15M06635'],[],['15M06635'],NTC OK
150729_M02641_0008_000000000-AGET9,M02641,in date,in date,in date,91.8620178863,no,30439243,low,1258.610394736842105263157895,OK,0.01208505775841225707480353337,no,92.39821646533412746159671461,no,0.84427754794,0.7,no,0.873413378086,0.811359417184,0.677936896452,no,1,-0.00168851702898,yes,2,yes,0.270148284151,yes,['15M05450'],[],['15M05450'],NTC OK
150730_M00766_0120_000000000-AFN4E,M00766,in date,in date,in date,94.0610725668,no,23945923,low,972.2453717105263157894736842,very low,0.05260345070405924042515429714,yes,94.27951096272465325184695818,no,0.964702248722,0.85,no,0.976683357747,0.953218463118,0.840948046391,no,0,-0.000381927743347,no,0,no,0.349156492482,yes,no outlying indices, , ,NTC OK
150731_M00766_0121_000000000-AFMYC,M00766,in date,in date,in date,89.5212263939,no,27660854,low,1152.621861842105263157894737,low,0.03600351877681238130927597087,no,89.69423629140826688215946795,no,0.947869732841,0.85,no,0.954390049803,0.940556819636,0.995844883002,no,0,-0.000620822376924,yes,0,no,0.825195300605,yes,['15M07986'],[],['15M07986'],NTC OK
150731_M02641_0009_000000000-AFN3M,M02641,in date,in date,in date,90.2752510986,no,32967275,low,1364.896085526315789473684211,OK,0.02087534871411922928529234363,no,90.68545814138829305981593032,no,0.948498300515,0.85,no,0.963221796564,0.933528044806,0.840948046391,no,0,-0.000529512877913,yes,0,no,0.292172525884,yes,no outlying indices, , ,NTC OK
150807_M00766_0122_000000000-AFMW7,M00766,in date,in date,in date,95.8884056324,no,19129362,low,771.6070263157894736842105263,very low,0.03118443682490614287464535561,no,96.32075319309693980299309290,no,0.974603043429,0.85,no,0.982656611339,0.967877610694,0.840948046391,no,0,-0.000313473236398,no,0,no,0.365808825244,yes,no outlying indices, , ,NTC OK
150807_M02641_0012_000000000-AFMYT,M02641,in date,in date,in date,96.8171954574,no,16466109,low,661.2987960526315789473684211,very low,0.04383147890369720833299458249,no,97.20338100742674363707946140,no,0.975987304698,0.85,no,0.982577986497,0.97146896817,0.954129264222,no,0,-0.000284010659946,no,0,no,0.359135510829,yes,['15M08559'],[],['15M08559'],NTC OK
150810_M00766_0123_000000000-AGTUY,M00766,in date,in date,in date,89.2944593605,no,22283310,low,1188.946223214285714285714286,OK,0.01619419118845631888460946846,no,88.93616025820853204279072838,no,0.921771680268,0.8,no,0.954974819883,0.88475079295,0.840948046391,no,0,-0.000352431864585,no,0,yes,0.365355582954,yes,['15M07650'],[],['15M07650'],NTC OK
150811_M02641_0014_000000000-AGK0F,M02641,in date,in date,in date,92.4252870174,no,22253985,low,1160.094910714285714285714286,OK,0.01688945331389978708336386104,no,92.34452134197312893737495476,no,0.901059099912,0.8,no,0.928299316857,0.871318826391,0.954129264222,no,0,-0.000993397660997,yes,0,yes,0.173151836181,yes,no outlying indices, , ,NTC OK
150813_M00766_0124_000000000-AFYEH,M00766,in date,in date,in date,94.3227407597,no,25145640,low,1025.334985197368421052631579,very low,0.02135748380958585131763201855,no,94.25494539625666143712190008,no,0.967685852588,0.85,no,0.978253523076,0.958115375866,0.840948046391,no,0,-0.000331211283935,no,0,no,0.234366874447,yes,no outlying indices, , ,NTC OK
150818_M00766_0125_000000000-AE8BP,M00766,in date,in date,in date,91.3886462289,no,15351123,low,804.6944709821428571428571429,very low,0.05880549030798670524774800179,yes,90.84080346500874159152607396,no,0.924586616101,0.8,no,0.949566969856,0.895889722498,0.840948046391,no,0,-0.000522646395691,yes,0,yes,0.318511244168,yes,['15M08233'],[],['15M08233'],NTC OK
150819_M02641_0016_000000000-AGJHU,M02641,in date,in date,in date,94.121353357,no,26775268,low,1083.953950657894736842105263,very low,0.03293358908534293582849202216,no,94.46659492164492874870648130,no,0.964622332856,0.85,no,0.975191077079,0.954888513783,0.840948046391,no,0,-0.000412775711558,no,0,no,0.352640295737,yes,no outlying indices, , ,NTC OK
150820_M00766_0126_000000000-AGHUU,M00766,in date,in date,in date,92.7672041245,no,28026234,low,1148.964246710526315789473684,low,0.02085266490722223372777158323,no,93.29040068758729174975509473,no,0.961522190877,0.85,no,0.974051071816,0.949017157758,0.840948046391,no,0,-0.000332732882259,no,0,no,0.701431338487,yes,no outlying indices, , ,NTC OK
150820_M02641_0017_000000000-AGJJA,M02641,in date,in date,in date,93.4116056174,no,26592471,low,1089.836131578947368421052632,very low,0.01515296219148292503947252540,no,93.74566948853226494996525907,no,0.964811513374,0.85,no,0.973511941281,0.957165489435,0.840948046391,no,0,-0.000303107153884,no,0,no,0.262714509717,yes,no outlying indices, , ,NTC OK
150821_M02641_0018_000000000-AGJNU,M02641,in date,in date,in date,96.3232059172,no,11702340,low,597.5553995535714285714285714,very low,0.03004104887822262753502510574,no,96.52181793407317039426845083,no,0.961012883431,0.8,no,0.970322187331,0.950856564409,0.954129264222,no,0,-0.000349881089602,no,0,yes,0.235390677375,yes,no outlying indices, , ,NTC OK
150826_M00766_0127_000000000-AGKLT,M00766,in date,in date,in date,93.1048372201,no,24799829,low,1017.400203947368421052631579,very low,0.01682621260729657775314283228,no,93.58599472448532602367669698,no,0.889945482953,0.7,no,0.910365572279,0.868109261358,0.677936896452,no,0,-0.0013197803342,yes,0,yes,0.0949277045613,yes,no outlying indices, , ,NTC OK
150902_M00766_0128_000000000-AFLDG,M00766,in date,in date,in date,89.3024633868,no,21077655,low,1129.952660714285714285714286,OK,0.01524599197680744018458773842,no,89.18888423613813691098373145,no,0.832732725111,0.8,no,0.881853267223,0.780004958988,0.677936896452,no,2,-0.00227865754185,yes,13,yes,0.46846958834,yes,no outlying indices, , ,NTC OK
150904_M00766_0129_000000000-AFNA2,M00766,in date,in date,in date,84.018188085,no,18908531,low,1029.938535714285714285714286,OK,0.02433233708251689972256479210,no,83.76976663444177099801127958,yes,0.812552065998,0.8,no,0.867878587299,0.7553314823,0.954129264222,no,0,-0.0022068115795,yes,9,yes,0.373978661042,yes,['15M04668' '15M04664'],['15M04664'],['15M04668'],NTC OK
150904_M02641_0022_000000000-AH991,M02641,in date,in date,in date,90.7156463602,no,32586889,low,1348.733677631578947368421053,OK,0.008412841432982722937456598498,no,90.88390728315071118529846132,no,0.808419282041,0.7,no,0.837916954883,0.773995320633,0.507657953357,no,33,-0.00238498157284,yes,45,yes,0.262143345286,yes,['15M05232' '15M02845'],[],['15M05232' '15M02845'],NTC OK
150910_M00766_0130_000000000-AGJGG,M00766,in date,in date,in date,88.3549803923,no,24463097,low,1059.369707236842105263157895,very low,0.009577732562428122741798717194,no,88.28146118516215586865714876,no,0.941357485563,0.85,no,0.959054494749,0.922246982329,0.954129264222,no,0,-0.000567172181033,yes,0,yes,0.281141145366,yes,no outlying indices, , ,NTC OK
150910_M02641_0023_000000000-AFLHH,M02641,in date,in date,in date,89.5553827612,no,20794433,low,1100.487973214285714285714286,OK,0.02384005267739828323931064995,no,88.86718731183832690170590114,no,0.853588439411,0.8,no,0.886678677461,0.8183508261,0.954129264222,no,0,-0.00213091225562,yes,9,yes,0.923714358658,yes,['15M04253'],[],['15M04253'],NTC OK
150911_M00766_0131_000000000-AGLDT,M00766,in date,in date,in date,91.8669191962,no,29894066,low,1233.184217105263157894736842,OK,0.01725655941171616627293548185,no,92.00115442709252819672822076,no,0.959535470893,0.85,no,0.970652949429,0.94871606559,0.840948046391,no,0,-0.000429102484851,no,0,no,0.309673358909,yes,no outlying indices, , ,NTC OK
150911_M02641_0024_AF50J,M02641,out of date,in date,in date,91.3885739714,no,20193785,low,1043.646245535714285714285714,OK,0.02660129870615743438856902086,no,91.13811401050851683698726802,no,0.859757843253,0.8,no,0.891017948383,0.826937670009,0.840948046391,no,0,-0.00203345669357,yes,5,yes,0.641056386812,yes,['15M04270'],[],['15M04270'],NTC OK
150914_M00766_0132_000000000-AF41F,M00766,in date,in date,in date,86.8891522238,no,3991745,low,184.477667968750000000000000,very low,0.01261054450953715252706632671,no,87.67700687377175631086445013,no,0.951236390831,0.8,no,0.962213221178,0.940564356246,0.954129264222,no,0,-0.000359992762274,no,0,yes,0.348569889509,yes,['15M07808'],['15M07808'],[],NTC OK
150916_M02641_0025_000000000-AFN33,M02641,in date,in date,in date,91.2782404048,no,21293722,low,1112.31975000000000000000000,OK,0.02357501150638180052051230011,no,90.90134677317498744303653392,no,0.877698357866,0.8,no,0.904217381521,0.849244720428,0.954129264222,no,0,-0.00184968689483,yes,5,yes,0.109583869998,yes,['15M04682'],['15M04682'],[],NTC OK
150917_M02641_0026_000000000-AFN0A,M02641,in date,in date,in date,91.5268667196,no,20122988,low,1048.546752232142857142857143,OK,0.02523985204164770913568363773,no,91.31156944283246406438739825,no,0.86191583156,0.8,no,0.892128250181,0.829278231476,0.840948046391,no,1,-0.00221553279177,yes,10,yes,0.18217467396,yes,['15M08778'],['15M08778'],[],NTC OK
150918_M00766_0133_000000000-AH985,M00766,in date,in date,in date,91.3076942165,no,30062610,low,1253.190049342105263157894737,OK,0.03197687446113846809928096182,no,91.56554902913467667198599735,no,0.849790383303,0.7,no,0.884777050961,0.811330500745,0.677936896452,no,11,-0.00170227026421,yes,24,yes,0.156714455333,yes,['15M06627'],[],['15M06627'],NTC OK
150923_M00766_0134_000000000-AFN32,M00766,in date,in date,in date,89.0495181057,no,20113067,low,1072.999758928571428571428571,OK,0.03379863129204462476431387011,no,88.90597098426526444823807286,no,0.862417601613,0.8,no,0.892943786509,0.829520151457,0.954129264222,no,0,-0.00200496866952,yes,9,yes,0.350607954473,yes,['15M08810' '15M08808'],['15M08810'],['15M08808'],NTC OK
150924_M02641_0027_000000000-AGJGM,M02641,in date,in date,in date,95.0400607722,no,24554073,low,997.0288421052631578947368421,very low,0.008536721462215745420331955855,no,95.09181488533447790251416634,no,0.972918229405,0.85,no,0.981960836667,0.96511329641,0.840948046391,no,0,-0.000193830410732,no,0,no,0.302106304574,yes,['15M10058'],[],['15M10058'],NTC OK
150925_M00766_0135_000000000-AFL75,M00766,in date,in date,in date,97.7080425957,no,9080878,low,460.5891506696428571428571429,very low,0.03914524627198058206724238484,no,97.96229724202856360053201524,no,0.947020568221,0.8,no,0.957236001229,0.93649089835,0.954129264222,no,0,-0.000690483306118,yes,0,yes,0.462393452068,yes,no outlying indices, , ,NTC OK
150925_M02641_0028_000000000-AGK08,M02641,in date,in date,in date,95.0617749496,no,24906667,low,1010.386993421052631578947368,very low,0.01775017243641632296715294199,no,95.40962005478276850125079770,no,0.967340826779,0.85,no,0.978611008852,0.95783739671,0.840948046391,no,0,-0.000359628408414,no,0,no,0.330499613895,yes,no outlying indices, , ,NTC OK
150928_M02641_0029_000000000-AGHV5,M02641,in date,in date,in date,93.7729894175,no,28292454,low,1144.959480263157894736842105,low,0.02142285727038336311981483416,no,93.52951777763256902139775360,no,0.962660079127,0.85,no,0.974926999734,0.951914045585,0.840948046391,no,0,-0.000413561908965,no,0,no,0.28342147774,yes,no outlying indices, , ,NTC OK
150929_M02641_0030_000000000-AFWJ3,M02641,in date,in date,in date,95.21671796,no,14824546,low,765.6339263392857142857142857,very low,0.03767201582781452856397211958,no,95.28695951232014327981341328,no,0.946673349269,0.8,no,0.964111609264,0.926565594085,0.840948046391,no,0,-0.000448411818993,no,0,yes,0.482475063737,yes,['15M10676' '15M09021'],['15M10676' '15M09021'],[],NTC OK
150930_M00766_0138_000000000-AH4BR,M00766,in date,in date,in date,90.8514765175,no,29081266,low,1203.49825000000000000000000,OK,0.01837461489587991706931894129,no,90.91098136929014015231924237,no,0.934548975118,0.85,no,0.916514683141,0.950342564866,0.995844883002,no,0,-0.00135052536451,yes,0,no,0.378874284115,yes,no outlying indices, , ,NTC OK
150930_M02641_0031_000000000-AGJGT,M02641,in date,in date,in date,93.323392145,no,29303547,low,1206.880197368421052631578947,OK,0.04980466138110762274695219607,no,93.51555950428175042304734205,no,0.957302487319,0.85,no,0.971504806568,0.943724148252,0.840948046391,no,0,-0.000451841460697,no,0,no,0.512462817825,yes,no outlying indices, , ,NTC OK
151001_M02641_0032_000000000-AGLE0,M02641,in date,in date,in date,87.3794939076,no,35725439,low,1504.695065789473684210526316,very high,0.01793853875855575146017087183,no,86.80809755548428482119528657,no,0.935899278269,0.85,no,0.956585999498,0.915221551045,0.840948046391,no,0,-0.000581528030996,yes,0,no,0.382914224682,yes,no outlying indices, , ,NTC OK
151002_M02641_0033_000000000-AFLDA,M02641,in date,in date,in date,88.0982518247,no,23364962,low,1229.995504464285714285714286,high,0.04247567706435553742804714480,no,87.92505369048378460402422499,no,0.905533628548,0.8,no,0.936996338125,0.871378827213,0.840948046391,no,0,-0.000580990674063,yes,0,yes,0.543381174097,yes,['8M4079'],[],['8M4079'],NTC OK
151005_M02641_0034_000000000-AH9ML,M02641,in date,in date,in date,91.5287472267,no,33902064,low,1389.840243421052631578947368,OK,0.01404179033189228872838673573,no,91.67427443255055340267005595,no,0.833824190428,0.7,no,0.86254423241,0.801138667988,0.507657953357,no,23,-0.0021036626324,yes,30,yes,0.175973413043,yes,['15M06635'],[],['15M06635'],NTC OK
151008_M02641_0035_000000000-AFL73,M02641,in date,in date,in date,92.947072647,no,20624078,low,1070.147138392857142857142857,OK,0.02054006024324469130091002747,no,93.28149661742462325469906390,no,0.885337740173,0.8,no,0.910950536257,0.857450938642,0.954129264222,no,0,-0.00186676386165,yes,5,yes,1.21575972271,yes,['15M09860' '15M09850' '15M09844'],[],['15M09860' '15M09850' '15M09844'],NTC OK
151009_M00766_0140_000000000-AGK0B,M00766,in date,in date,in date,87.3054518173,no,24687917,low,1048.261393092105263157894737,very low,0.02479930565659809037349692796,no,87.08084096574939233127783310,no,0.955943925827,0.85,no,0.963140526328,0.949022811983,0.995844883002,no,0,-0.000451469409368,no,0,no,0.422501837663,yes,['15M10481'],['15M10481'],[],NTC OK
151009_M02641_0036_000000000-AFN30,M02641,in date,in date,in date,91.4517849345,no,21458630,low,1123.353861607142857142857143,OK,0.02497267468978054912643183275,no,91.27663130079930555743249015,no,0.867129463651,0.8,no,0.897372887655,0.834186556283,0.954129264222,no,0,-0.00208008632272,yes,10,yes,0.899111707044,yes,['15M09439' '15M09554'],[],['15M09439' '15M09554'],NTC OK
151012_M02641_0037_000000000-AFNA5,M02641,in date,in date,in date,93.0707330756,no,19894718,low,1031.818049107142857142857143,OK,0.01911071405026417696622092715,no,93.48918331342688094788950080,no,0.881942078878,0.8,no,0.909146861517,0.852331976985,0.954129264222,no,0,-0.00196754083256,yes,8,yes,0.458944495851,yes,['15M09548'],[],['15M09548'],NTC OK
151013_M02641_0038_000000000-AFLW0,M02641,in date,in date,in date,92.2834860939,no,19868115,low,1036.644924107142857142857143,OK,0.01586804091142663672385971056,no,92.31439989486364934123970005,no,0.858517507136,0.8,no,0.89861666253,0.815842116546,0.840948046391,no,0,-0.00194539298296,yes,7,yes,0.1711955194,yes,no outlying indices, , ,NTC OK
151014_M02641_0039_000000000-AFLFV,M02641,in date,in date,in date,93.1322294776,no,20043314,low,1036.917520089285714285714286,OK,0.02440402824186176745273268547,no,93.13214992819941851586360777,no,0.869641410018,0.8,no,0.905742977136,0.830809536317,0.840948046391,no,0,-0.00192020993174,yes,8,yes,0.278973970469,yes,['15M10686'],['15M10686'],[],NTC OK
151015_M00766_0142_000000000-AJD8B,M00766,in date,in date,in date,88.8200231603,no,16091719,low,856.7866986607142857142857143,low,0.03098444975664200956659694620,no,88.99650511751696728313058101,no,0.920603495282,0.8,no,0.951534925659,0.888552740279,0.677936896452,no,0,-0.000453600539172,no,1,yes,0.284803754825,yes,['15M10752' '15M10508'],['15M10508'],['15M10752'],NTC OK
151019_M02641_0040_000000000-AJDVH,M02641,in date,in date,in date,90.6323653044,no,24425659,OK,1287.420852678571428571428571,very high,0.01901104450274753293451224854,no,90.78156835175846128301223695,no,0.926961086928,0.8,no,0.948372185005,0.905048243252,0.954129264222,no,0,-0.000489107024328,no,0,yes,0.455168813024,yes,['15M10923'],['15M10923'],[],NTC OK
151021_M00766_0144_000000000-AG028,M00766,in date,in date,in date,85.0537222395,no,24774347,low,1085.765223684210526315789474,very low,0.01390539643245957302792164271,no,84.68969178920157133038546268,yes,0.94128962041,0.85,no,0.956457124514,0.925905300888,0.840948046391,no,0,-0.000555869559834,yes,0,yes,0.466166085602,yes,['15M10881'],['15M10881'],[],NTC OK
151021_M02641_0041_000000000-AGHAA,M02641,in date,in date,in date,93.3814512862,no,29221047,low,1189.453088815789473684210526,low,0.01803262451666281235136651918,no,93.51185197925149236991747213,no,0.960536599969,0.85,no,0.973253236728,0.948897740728,0.840948046391,no,0,-0.000435173696492,no,0,no,0.429246586043,yes,['15M11968'],[],['15M11968'],NTC OK
151022_M00766_0146_000000000-AFN3B,M00766,in date,in date,in date,81.4564830358,no,19862739,low,1107.544841517857142857142857,OK,0.03152090350615464705784308784,no,80.96726943758137716232043424,yes,0.908489794324,0.8,no,0.933076408656,0.882751464458,0.954129264222,no,0,-0.000509490859406,yes,0,yes,0.212734203974,yes,no outlying indices, , ,NTC OK
151022_M02641_0042_000000000-AJ5B5,M02641,in date,in date,in date,89.6462375802,no,28861426,low,1217.850276315789473684210526,OK,0.01057060489017940849164357642,no,89.83958593184558113673147559,no,0.675850624185,0.7,yes,0.750700859514,0.591216121823,0.677936896452,no,12,-0.00339748347603,yes,75,yes,0.263477750871,yes,['15M09575' '15M10221'],[],['15M09575' '15M10221'],NTC OK
151023_M00766_0147_000000000-AFN37,M00766,in date,in date,in date,84.6508654256,no,20693511,low,1134.069412946428571428571429,OK,0.03919933052881668789156235511,no,85.30464049090654191453347562,no,0.927066950112,0.8,no,0.951229023353,0.902467698451,0.954129264222,no,0,-0.000300458337284,no,0,yes,0.301674226497,yes,['15M10999' '15M10996'],['15M10996'],['15M10999'],NTC OK
151026_M00766_0148_000000000-AFLVV,M00766,in date,in date,in date,88.3188625569,no,18895886,low,1013.325598214285714285714286,OK,0.03220852676394870222859114255,no,89.00931784076384169491224467,no,0.93492999966,0.8,no,0.95660916886,0.912684444218,0.840948046391,no,0,-0.00031812679907,no,0,yes,0.283550154751,yes,['15M10912'],[],['15M10912'],NTC OK
151028_M02641_0043_000000000-AFL74,M02641,in date,in date,in date,96.8353333062,no,15543815,low,805.78962500000000000000000,very low,0.03554647467408898887260865822,no,96.79173851087934161216046919,no,0.969032889981,0.8,no,0.979716053795,0.9584671519,0.677936896452,no,0,-0.000209105718488,no,0,no,0.158673661841,yes,no outlying indices, , ,NTC OK
151030_M00766_0150_000000000-AFLDT,M00766,in date,in date,in date,89.1257791949,no,19498823,low,1043.772758928571428571428571,OK,0.02231615526779718464816119819,no,89.17350347843771180323043940,no,0.942821892444,0.8,no,0.959166079372,0.92636943619,0.954129264222,no,0,-0.000271968875312,no,0,no,0.502059283397,yes,['15M11131'],[],['15M11131'],NTC OK
151030_M02641_0044_000000000-AJHLJ,M02641,in date,in date,in date,89.5683759902,no,33168068,low,1381.379726973684210526315789,OK,0.01502085386331152514572484787,no,89.53671593435833800443264606,no,0.941809760818,0.85,no,0.960266482811,0.923271913617,0.840948046391,no,0,-0.000536385424187,yes,0,no,0.508773479495,yes,['15M12049'],[],['15M12049'],NTC OK
151102_M02641_0045_000000000-AFN3H,M02641,in date,in date,in date,94.4283347648,no,15063309,low,779.0626941964285714285714286,very low,0.04876745193486855439048792429,no,94.82916177005372214456667738,no,0.954493924995,0.8,no,0.968874582067,0.939564731813,0.840948046391,no,0,-0.000275945530132,no,0,yes,0.184951641058,yes,['15M10676' '15M10427'],['15M10427'],['15M10676'],NTC OK
151103_M02641_0046_000000000-AJ5Y7,M02641,in date,in date,in date,96.1111283169,no,17192399,low,883.2397790178571428571428571,low,0.02142796440170944827886669734,no,96.09171075717081437244962360,no,0.966518060284,0.8,no,0.974757384014,0.958836037279,0.954129264222,no,0,-0.000272150463584,no,0,no,0.415615819678,yes,['15M11227'],[],['15M11227'],NTC OK
151104_M00766_0151_000000000-AK8EW,M00766,in date,in date,in date,82.6960493481,no,16143415,low,883.0438995535714285714285714,low,0.06979160537382668079304240161,yes,83.29619867850113051813585243,yes,0.919343364017,0.8,no,0.941771516774,0.896765908896,0.954129264222,no,0,-0.00035734739252,no,0,yes,0.408463984631,yes,no outlying indices, , ,NTC OK
151105_M02641_0047_000000000-AJF4E,M02641,in date,in date,in date,96.081219546,no,17316625,low,888.56528125000000000000000,low,0.02451749181335715885919317208,no,96.17531694785498811825419496,no,0.966127038042,0.8,no,0.976680058874,0.956748648743,0.840948046391,no,0,-0.000203369706953,no,0,no,1.77251741407,yes,['15M11323'],[],['15M11323'],NTC OK
151106_M00766_0152_000000000-AJ5W5,M00766,in date,in date,in date,89.6103635546,no,16168604,low,863.0095602678571428571428571,low,0.02413628601530387539931826956,no,90.78289190147141491209445051,no,0.931701721949,0.8,no,0.950410299381,0.912316569677,0.954129264222,no,0,-0.000497147823617,no,0,yes,0.267340279714,yes,['15M11860' '15M11870'],['15M11860'],['15M11870'],NTC OK
151111_M02641_0049_000000000-AJD47,M02641,in date,in date,in date,92.8534640604,no,30208881,low,1238.217203947368421052631579,OK,0.02133168433915849799003412779,no,93.31601718135558510707240381,no,0.839912701516,0.7,no,0.870182557408,0.805921249119,0.507657953357,no,14,-0.00196382230003,yes,19,yes,0.287429667634,yes,['15M10790'],[],['15M10790'],NTC OK
151116_M00766_0154_000000000-AJF4C,M00766,in date,in date,in date,87.937559289,no,13835502,low,734.2782924107142857142857143,very low,0.05457727727487017741615957342,yes,88.54910454377655444506463920,no,0.931299408366,0.8,no,0.951093933554,0.909655161144,0.954129264222,no,0,-0.000336262275881,no,0,yes,0.251810380003,yes,['15M12301'],['15M12301'],[],NTC OK
151116_M02641_0050_000000000-AJ6L3,M02641,in date,in date,in date,95.1302981173,no,13144452,low,672.6944330357142857142857143,very low,0.07436492732557309750409765386,yes,94.88983707720417255126685063,no,0.956869260824,0.8,no,0.968566333195,0.944323344997,0.954129264222,no,0,-0.000295353739242,no,0,yes,0.177110415494,yes,no outlying indices, , ,NTC OK
151117_M00766_0155_000000000-AJ6LL,M00766,in date,in date,in date,87.0004759731,no,16509092,low,884.22564062500000000000000,low,0.02456312141920510953198138399,no,86.79186352507071150591633547,no,0.863773780242,0.8,no,0.904202686079,0.8209979067,0.840948046391,no,0,-0.00122352789352,yes,1,yes,0.512788561169,yes,['15M11867'],[],['15M11867'],NTC OK
151117_M02641_0051_000000000-AJF4A,M02641,in date,in date,in date,94.2241348483,no,17785498,low,905.3066808035714285714285714,low,0.03067028409779411736458694523,no,94.25451568881089854831556855,no,0.883127972518,0.8,no,0.916173586856,0.848333830686,0.840948046391,no,0,-0.00125322409664,yes,0,yes,0.561608245547,yes,['15M12552'],[],['15M12552'],NTC OK
151119_M02641_0052_000000000-AJJ6B,M02641,in date,in date,out of date,94.5732681846,no,24895626,low,1016.266037828947368421052632,very low,0.02933615220722709818802503287,no,94.99658563747223118149758606,no,0.964389808368,0.85,no,0.977820835408,0.952080454615,0.840948046391,no,0,-0.000285013868129,no,0,no,0.338929052137,yes,no outlying indices, , ,NTC OK
151125_M00766_0158_000000000-AJJC1,M00766,in date,in date,in date,78.1686931908,yes,3563033,low,150.7739361049107142857142857,very low,0.03127427781026761975789933175,no,78.18627208792854239690379798,yes,0.955804041363,0.8,no,0.967116647475,0.947237390019,0.954129264222,no,0,-0.000223534577696,no,0,no,0.293677074471,yes,['15M12680' '15M12866'],['15M12680'],['15M12866'],NTC OK
151125_M02641_0053_000000000-AJJ3G,M02641,in date,in date,in date,96.6504485317,no,3965190,low,201.2481305803571428571428571,very low,0.02811963197176122790478984261,no,96.93805989100697410036703116,no,0.974228492122,0.8,no,0.982972687361,0.969162290462,0.677936896452,no,0,-0.000192005887311,no,0,no,1.79775755449,yes,['15M12551'],[],['15M12551'],NTC OK
151126_M00766_0159_000000000-AJD7L,M00766,in date,in date,in date,88.0476970453,no,24133209,low,1032.209149671052631578947368,very low,0.01728885131777422636334892480,no,87.58384723761580461600786270,no,0.953462354916,0.85,no,0.962962506975,0.943228651164,0.840948046391,no,0,-0.000488596411637,no,0,no,0.272642725221,yes,no outlying indices, , ,NTC OK
151126_M02641_0054_000000000-AJD7T,M02641,in date,in date,in date,94.0217325969,no,24949166,low,1025.482907894736842105263158,very low,0.02965552744293296977547843950,no,93.80829857219091401517074037,no,0.968222861334,0.85,no,0.975318854346,0.961846161912,0.954129264222,no,0,-0.000301165852088,no,0,no,0.275321610618,yes,['15M13666'],[],['15M13666'],NTC OK
151127_M00766_0161_000000000-AJERP,M00766,in date,in date,in date,90.5389544952,no,24073552,low,1002.826481907894736842105263,very low,0.02295918752791963827960816503,no,90.08887656512491568132310015,no,0.954583330939,0.85,no,0.962582122766,0.946249844643,0.954129264222,no,0,-0.000575361433457,yes,0,yes,0.567495237006,yes,no outlying indices, , ,NTC OK
151130_M00766_0163_000000000-AJGC9,M00766,in date,in date,in date,79.0356955537,yes,21816702,low,1234.726366071428571428571429,high,0.04322136688588295400704935290,no,79.62685241577844075608766598,yes,0.918791640406,0.8,no,0.942694254877,0.894603441076,0.954129264222,no,0,-0.000249698141926,no,0,no,0.378717279061,yes,['15M12680' '15M12866'],['15M12680'],['15M12866'],NTC OK
151201_M02641_0055_000000000-AJ6B2,M02641,in date,in date,in date,93.1470365268,no,20354768,low,1062.140386160714285714285714,OK,0.01992898163626379470403388135,no,93.62771504133297432051293269,no,0.957287130369,0.8,no,0.96997237188,0.944853730429,0.954129264222,no,0,-0.000220884542176,no,0,no,1.87960614512,yes,['15M12551'],[],['15M12551'],NTC OK
151203_M00766_0165_000000000-AJFAA,M00766,in date,in date,in date,86.1621699551,no,16734072,low,890.0657299107142857142857143,low,0.04826885912687705902379120639,no,84.23613560133508914124566560,yes,0.926779642218,0.8,no,0.944163562804,0.906811037112,0.954129264222,no,0,-0.000363697164063,no,0,yes,0.479120389013,yes,['15M13694'],['15M13694'],[],NTC OK
151204_M02641_0056_000000000-AJDC6,M02641,in date,in date,in date,93.7016585921,no,25575432,low,1042.280453947368421052631579,very low,0.03667790494968099250496063932,no,94.27363047355109734984185565,no,0.854206167178,0.7,no,0.880622992996,0.824041612279,0.507657953357,no,13,-0.00184957915202,yes,19,yes,0.151302304208,yes,['15M04443'],[],['15M04443'],NTC OK
151208_M00766_0167_000000000-AJ5JR,M00766,in date,in date,in date,97.4409176006,no,5807543,low,293.2063839285714285714285714,very low,0.03681696956070124870625301415,no,97.44856830002164884732960945,no,0.965053985736,0.8,no,0.972995161364,0.957859050293,0.954129264222,no,0,-0.000365421582718,no,0,no,0.484044847452,yes,no outlying indices, , ,NTC OK
151208_M02641_0057_000000000-AJHRF,M02641,in date,in date,in date,97.1211437931,no,4496775,low,228.8877449776785714285714286,very low,0.02523006416449421299382577132,no,97.10738473795225406426979017,no,0.945013875384,0.8,no,0.958173660954,0.930554884422,0.954129264222,no,0,-0.00070360273805,yes,0,yes,0.585952819699,yes,['15M12287'],[],['15M12287'],NTC OK
151210_M00766_0168_000000000-AJDDH,M00766,in date,in date,in date,91.3759977202,no,26145512,low,1086.997210526315789473684211,very low,0.02154554584862413699016607857,no,90.89309713325970362351597505,no,0.955996670151,0.85,no,0.966839254095,0.945009070773,0.840948046391,no,0,-0.000510806823672,yes,0,no,0.403524738005,yes,['15M13946'],['15M13946'],[],NTC OK
151210_M02641_0058_000000000-AJ5YJ,M02641,in date,in date,in date,91.7525867655,no,18225198,low,951.6353303571428571428571429,low,0.04960788331483947905299714082,no,91.49339645558896901146406130,no,0.939016020705,0.8,no,0.955645097838,0.920657470065,0.954129264222,no,0,-0.000409016870122,no,0,yes,0.298207849712,yes,no outlying indices, , ,NTC OK
151211_M00766_0169_000000000-AK5DW,M00766,in date,in date,in date,93.0015550579,no,21872195,low,891.8405476973684210526315789,very low,0.02351534054796625213768270604,no,93.65656805591804749438189898,no,0.548256928541,0.7,yes,0.591084864901,0.485863269172,0.240791993419,no,169,-0.00351528725771,yes,181,yes,0.219491063137,yes,['14M10927b'],[],['14M10927b'],NTC OK
151216_M00766_0170_000000000-ALEAF,M00766,in date,in date,in date,93.7278828372,no,17003866,low,880.7103482142857142857142857,low,0.03674480116264979073153442563,no,93.96420260603850031304114347,no,0.949909508814,0.8,no,0.962568904558,0.936997102045,0.954129264222,no,0,-0.000352025918005,no,0,yes,0.586744209133,yes,['15M13059'],[],['15M13059'],NTC OK
151217_M02641_0059_000000000-AJFAD,M02641,in date,in date,in date,58.3542177309,yes,4092271,low,204.089125488281250000000000,very low,0.2800697809486862265616309776,yes,55.65941299689277195289494958,yes,0.924782458715,0.8,no,0.942713739959,0.910613678082,0.840948046391,no,0,-0.00041345691748,no,0,yes,0.26330800207,yes,no outlying indices, , ,NTC OK
151218_M00766_0171_000000000-AK5FL,M00766,in date,in date,in date,92.0182315518,no,20535429,low,846.68653125000000000000000,very low,0.02093628002481741722699753363,no,91.99261474619180119520742597,no,0.574007343047,0.7,yes,0.582123455702,0.541707176679,0.677936896452,no,24,-0.0051820247975,yes,97,yes,0.255908540675,yes,no outlying indices, , ,NTC OK
151223_M00766_0172_000000000-AJRMN,M00766,in date,in date,in date,92.6131903958,no,23635202,low,977.0359177631578947368421053,very low,0.01685975260732023175064649898,no,92.23178331683554085653797875,no,0.94189343859,0.85,no,0.965701952537,0.915221515207,0.507657953357,no,0,-0.00070693039152,yes,1,yes,0.427253613007,yes,no outlying indices, , ,NTC OK
151223_M02641_0060_000000000-AGHV2,M02641,in date,in date,in date,87.7109957511,no,26108005,low,1077.970700657894736842105263,very low,0.01568566396503849972232449593,no,87.83106081781889704926223877,no,0.929793557982,0.85,no,0.945453462262,0.91099963351,0.954129264222,no,0,-0.000930764969302,yes,0,yes,0.613593402709,yes,['15M14273'],[],['15M14273'],NTC OK
151231_M02641_0061_000000000-AJD8L,M02641,in date,in date,in date,88.6233707354,no,30986761,low,1292.15406250000000000000000,OK,0.04356237389865529213671026725,no,89.27803762579371509724339150,no,0.937791895151,0.85,no,0.959029591164,0.915013741083,0.954129264222,no,0,-0.000551570938087,yes,0,yes,0.403115716099,yes,['15M14557'],[],['15M14557'],NTC OK
160104_M02641_0062_000000000-AL603,M02641,in date,in date,in date,93.4734365607,no,19858211,low,1030.133654017857142857142857,OK,0.01815999580277524860183136582,no,93.44783035277470802850595112,no,0.955475737227,0.8,no,0.970271206532,0.943464435028,0.840948046391,no,0,-0.000259033827174,no,0,no,0.316256458436,yes,['15M11705'],[],['15M11705'],NTC OK
160105_M00766_0174_000000000-AL4LB,M00766,in date,in date,in date,91.2680859357,no,14218489,low,749.22265625000000000000000,very low,0.03660103398973659907722065484,no,91.46584606594696396672053827,no,0.930324033198,0.8,no,0.952734150565,0.906795259598,0.954129264222,no,0,-0.000534690427968,yes,0,yes,0.633173037558,yes,['15M12287'],[],['15M12287'],NTC OK
160107_M00766_0175_000000000-AH6C3,M00766,in date,in date,in date,87.9117451425,no,26044869,low,1123.412554276315789473684211,low,0.01232660440215616409148482549,no,86.82294801795838559818416975,no,0.951009725864,0.85,no,0.961215408174,0.939504462088,0.954129264222,no,0,-0.000562885899936,yes,0,yes,0.411113738606,yes,['15m15138'],[],['15m15138'],NTC OK
160107_M02641_0063_000000000-AJDC9,M02641,in date,in date,in date,94.1623981775,no,24963706,low,1022.505708881578947368421053,very low,0.01779892312686641922169747386,no,94.55075424788661350276675178,no,0.969395840232,0.85,no,0.976371092764,0.96261370594,0.840948046391,no,0,-0.000296435635969,no,0,no,0.512209627597,yes,no outlying indices, , ,NTC OK
160108_M00766_0176_000000000-AJDAJ,M00766,in date,in date,in date,86.9377710882,no,24436074,low,1042.291776315789473684210526,very low,0.02311329270615909686485528456,no,87.19961653068783843671106789,no,0.797862054635,0.85,yes,0.93045859931,0.648195157154,0.154629461231,no,0,-0.00182686909211,yes,36,yes,0.356090104944,yes,['15M15229'],['15M15229'],[],NTC OK
160108_M02641_0064_000000000-ALNH2,M02641,in date,in date,in date,91.9701641111,no,21242610,low,1109.389745535714285714285714,OK,0.02204949624219625752156184026,no,92.34430165875469542057234236,no,0.857901221353,0.75,no,0.902834046758,0.810119645844,0.677936896452,no,0,-0.00138228115698,yes,1,yes,0.317136405486,yes,['15M11705'],[],['15M11705'],NTC OK
160114_M00766_0177_000000000-ALYTH,M00766,in date,in date,in date,87.5409349951,no,27732794,low,1180.550733552631578947368421,low,0.01658866964854833307057101959,no,87.62192275952187311153899437,no,0.943667319708,0.85,no,0.953914047472,0.931772271818,0.954129264222,no,0,-0.000662312773792,yes,0,yes,0.523745455641,yes,no outlying indices, , ,NTC OK
160114_M02641_0065_000000000-ALRU0,M02641,in date,in date,in date,91.5800134317,no,29247440,low,1214.963555921052631578947368,OK,0.02450312408890101311403978694,no,91.54680588550170030479284542,no,0.951308379793,0.85,no,0.967233554344,0.935919171045,0.840948046391,no,0,-0.000499508258631,no,0,no,0.428731211424,yes,['15M03903'],[],['15M03903'],NTC OK
160115_M00766_0178_000000000-ALKJV,M00766,in date,in date,in date,83.9556609644,no,15235349,low,831.5430892857142857142857143,very low,0.06652688314506318842744838585,yes,83.47619142719113571235074883,yes,0.912258450261,0.8,no,0.936094520831,0.884397167186,0.954129264222,no,0,-0.000579028007414,yes,0,yes,0.314655375371,yes,['15M13506'],['15M13506'],[],NTC OK
160118_M02641_0066_000000000-AJETF,M02641,in date,in date,in date,98.189819752,no,9321517,low,373.3044720394736842105263158,very low,0.02800797227413637623648925391,no,98.37334986279342394941196007,no,0.974924608315,0.85,no,0.979450098805,0.973822936045,0.999980907791,no,0,-0.000227473275079,no,0,no,0.357909459187,yes,['15M13946'],['15M13946'],[],NTC OK
160119_M02641_0067_000000000-ALN4P,M02641,in date,in date,in date,87.2125168174,no,18949772,low,995.7573660714285714285714286,low,0.09147208441346197711905521388,yes,86.15725362257772450722873499,no,0.90349614578,0.8,no,0.925941938992,0.877892212365,0.954129264222,no,0,-0.000782655809111,yes,0,yes,0.319822764113,yes,['15M14816'],[],['15M14816'],NTC OK
