RunID,InstrumentID,RunDate,NumberOfCyclesR1,NumberofCyclesR2,FlowCellInDate?,PR2BottleInDate?,ReagentKitInDate?,%ReadsPassingFilter,%ReadsPassingFilterOutsideThreshold?,NumberofReadsPassingFilter,ReadCountWithinThreshold?,MeanClusterDensityPassingFilter,MeanClusterDensityWithinThreshold,COVClusterDensity,COVClusterDensityExceedsThreshold?,%MedianClusterDensityPassingFilter,GapBetweenClusterDensitiesPassingFilterAndNotExceedsThreshold?,ProportionOverQ30,IlluminaQ30Threshold,ProportionOverQ30ExceedsThreshold?,ProportionOverQ30Read1,ProportionOverQ30ExceedsThresholdRead1,ProportionOverQ30Read2,ProportionOverQ30ExceedsThresholdRead2,SlopeOfLineOfBestFitRead1,ThresholdSlopeR1,SlopeOfLineOfBestFitRead1ExceedsThreshold?,SlopeofLOBFR1_1,SlopeOfLOBFR1_2,R1_1overThresh?,R1_2overthresh,SlopeOfLineOfBestFitRead2,ThresholdSlopeR2,SlopeOfLineOfBestFitRead2ExceedsThreshold?,ProportionOfUndeterminedReads?,COVIndexes,COVIndexesExceedsThreshold?,OutlyingIndexes,OutlyingIndexes(Low),OutlyingIndexes(High),StateOfNTC
121009_M00766_0002_000000000-A1U6P,M00766,2012-10-09,151,151,in date,in date,in date,45.384985966,yes,3138050,low,341.3139464285714285714285714,low,0.3465333764490534174989496650,yes,0.000000,yes,0.875745692874,0.8,no,0.876424178722,no,0.875067207026,no,0.0,-0.00244969399453,no,0.0,0.0,no,no,0.0,-0.00254254101512,no,No index information for 121009_M00766_0002_000000000-A1U6P
130206_M00766_0002_000000000-A23JM,M00766,2013-02-06,250,250,in date,in date,in date,2.00760360074,yes,160923,low,10.2916911621093750000000000,very low,0.2642668678412795165394441445,yes,1.974131380911010026957385393,yes,0.276536877886,0.75,yes,0.0911876611796,yes,0.461886094592,yes,-0.00109646241414,-0.00320962730043,no,-0.00159178472554,-0.000668753390635,no,no,-0.00323507578755,-0.00468237387441,no,No index information for 130206_M00766_0002_000000000-A23JM
130405_M00766_0006_000000000-A3FNU,M00766,2013-04-05,251,251,Run analysis for 130405_M00766_0006_000000000-A3FNU incomplete
130417_M00766_0007_000000000-A3R1F,M00766,2013-04-17,151,151,in date,in date,in date,93.6874048525,no,14918743,low,773.0358950892857142857142857,low,0.02464368660628109054309512278,no,93.66733065999577973540677424,no,0.971215229768,0.8,no,0.980171475422,no,0.962258984114,no,-0.000138841395126,-0.00244969399453,no,-3.60559120307e-05,-0.000278015360475,no,no,-0.000257112359764,-0.00254254101512,no,No index information for 130417_M00766_0007_000000000-A3R1F
130508_M00766_0013_000000000-A3RB5,M00766,2013-05-08,151,151,in date,in date,in date,89.6950367269,no,17060727,low,897.2219910714285714285714286,OK,0.01305757367203775795502261611,no,89.61109665242596438691974863,no,0.923407887814,0.8,no,0.949816208095,no,0.897852845589,no,-0.000604642890323,-0.00244969399453,no,-0.000161599617131,-0.00130212120905,no,no,-0.000965708959225,-0.00254254101512,no,High,0.155823020314,yes,no outlying indexes, , ,No NTC on run
130510_M00766_0014_000000000-A3PFJ,M00766,2013-05-10,156,151,in date,in date,in date,88.5142108845,no,18378480,low,995.2515267857142857142857143,OK,0.01348374683646668717077233568,no,88.66105938477342402594735262,no,0.952485508425,0.75,no,0.968671701555,no,0.935017754425,no,-0.000202901793655,-0.00257763651291,no,0.000119314826407,-0.00047429408594,no,no,-0.000471376326885,-0.00254254101512,no,OK,0.516661180734,yes,no outlying indexes, , ,No NTC on run
130613_M00766_0018_000000000-A4FN3,M00766,2013-06-13,251,251,in date,in date,in date,62.2348676226,yes,14759376,low,877.4421428571428571428571429,very high,0.005254807572963457088250735532,no,61.64863450714623844701873938,yes,0.682985265365,0.75,yes,0.765602990694,no,0.584733190612,yes,-0.00206291204746,-0.003193154317,no,-0.000764545727048,-0.00357899147946,no,yes,-0.00330124167763,-0.00468449750007,no,OK,0.149999023907,yes,no outlying indexes, , ,No NTC on run
130618_M00766_0019_000000000-A4FEU,M00766,2013-06-18,251,251,in date,in date,in date,93.7029793662,no,10147864,low,556.7555357142857142857142857,very low,0.009213986265598488457965446469,no,93.92568803612893489204865907,no,0.795454516815,0.75,no,0.903828376319,no,0.6802443544,yes,-0.00108250206145,-0.003193154317,no,-0.00038241177329,-0.00193958847871,no,no,-0.00377126503245,-0.00468449750007,no,High,0.196901615605,yes,no outlying indexes, , ,No NTC on run
130624_M00766_0021_000000000-A53PT,M00766,2013-06-24,251,251,in date,in date,in date,88.7381481461,no,17725761,low,940.8335446428571428571428571,OK,0.01162857200832836743679185036,no,89.00165957362557793985654269,no,0.847358388945,0.75,no,0.902745668305,no,0.78576044597,no,-0.000955397390957,-0.003193154317,no,-0.000261221882282,-0.00178552041228,no,no,-0.0019888971165,-0.00468449750007,no,OK,0.0482204996302,no,no outlying indexes, , ,No NTC on run
130708_M00766_0023_000000000-A20R8,M00766,2013-07-08,151,151,out of date,in date,out of date,90.9082233765,no,8144995,None,872.0913482142857142857142857,None,0.01545541891101167059285265735,no,90.77572192829966213284090947,no,0.865890366989,0.85,no,0.917985818366,no,0.810466732447,yes,-0.00135710155483,-0.00244969399453,no,-0.000710757676721,-0.00227789742702,no,no,-0.00309582493459,-0.00254254101512,yes,OK,0.106613318042,yes,no outlying indexes, , ,No NTC on run
130712_M00766_0024_000000000-A5AVV,M00766,2013-07-12,151,151,in date,in date,in date,82.4400774053,no,13180142,low,710.2953705357142857142857143,low,0.09421955744246035202858575924,yes,82.13078737004196041611041408,no,0.921946423872,0.8,no,0.923771405849,no,0.922916778291,no,-0.000592318201933,-0.00244969399453,no,-0.000162023465598,-0.00117312152438,no,no,-0.000621408680708,-0.00254254101512,no,High,0.208310847074,yes,no outlying indexes, , ,No NTC on run
130817_M00766_0037_000000000-A4EDD,M00766,2013-08-17,176,176,in date,in date,in date,93.6130343296,no,14493580,low,748.77209375000000000000000,low,0.02010093902234762272105767072,no,93.61274473632548534278205586,no,0.948965098948,0.75,no,0.963118087143,no,0.9338815813,no,-0.000394731493588,-0.00307336431531,no,-0.000200870750726,-0.000543707193604,no,no,-0.000601701407169,-0.00331592139888,no,OK,0.437100985848,yes,['50005-d' '60003-d' '112001-f' '50005-f'],['50005-d' '50005-f'],['60003-d' '112001-f'],No NTC on run
130902_M00766_0045_000000000-A5BVD,M00766,2013-09-02,156,151,in date,in date,in date,92.4438833571,no,17107054,low,889.9217566964285714285714286,low,0.02094274768540172710816028749,no,92.34666138962375068721402284,no,0.95011791998,0.75,no,0.967782281883,no,0.930939671154,no,-0.000289345970744,-0.00257763651291,no,-0.000125905907071,-0.000481237680711,no,no,-0.000723466727747,-0.00254254101512,no,OK,0.599365663704,yes,no outlying indexes, , ,No NTC on run
130909_M00766_0047_000000000-A5PEH,M00766,2013-09-09,151,151,in date,in date,in date,91.8202410859,no,17818894,low,943.0640379464285714285714286,OK,0.01353147199625185144267368374,no,91.90426429994812301926150896,no,0.916586191076,0.8,no,0.938439809827,no,0.893232452999,no,-0.000837273181681,-0.00244969399453,no,-0.000400171675304,-0.00135495716689,no,no,-0.000959478515347,-0.00254254101512,no,OK,0.36674052335,yes,['Control'],['Control'],[],No NTC on run
130913_M00766_0049_000000000-A5B0E,M00766,2013-09-13,251,251,in date,in date,in date,89.8636118858,no,17433281,low,913.7303214285714285714285714,OK,0.02469617138506423565088811656,no,89.17791675052764755062783784,no,0.833933127024,0.75,no,0.885727996228,no,0.776475013944,no,-0.00116563781857,-0.003193154317,no,-0.000358897541193,-0.00212699212185,no,no,-0.00197594173517,-0.00468449750007,no,High,0.0209577529749,no,no outlying indexes, , ,No NTC on run
130916_M00766_0050_000000000-A5M1U,M00766,2013-09-16,151,151,in date,in date,in date,86.0618336984,no,22033351,low,1185.417316964285714285714286,very high,0.02846792582778318441290831796,no,86.01222865501697840569732526,no,0.913800225087,0.8,no,0.934768783405,no,0.890557708155,no,-0.000702350328254,-0.00244969399453,no,-0.000277664764831,-0.00121662140928,no,no,-0.000904502114775,-0.00254254101512,no,OK,0.189935935537,yes,['12M04425'],['12M04425'],[],No NTC on run
130918_M00766_0051_000000000-A5BDM,M00766,2013-09-18,251,251,Run analysis for 130918_M00766_0051_000000000-A5BDM incomplete
130924_M00766_0052_000000000-A5BE6,M00766,2013-09-24,251,251,in date,in date,in date,67.1951635238,yes,14006895,low,805.1388035714285714285714286,high,0.09217592085197375745238834777,yes,66.84428290720099609081088547,yes,0.715170386004,0.75,yes,0.770689124565,no,0.663477723846,yes,-0.00197890558668,-0.003193154317,no,-0.000426344671051,-0.00368476451214,no,yes,-0.00218602589601,-0.00468449750007,no,High,0.491775303502,yes,no outlying indexes, , ,No NTC on run
131007_M00766_0055_000000000-A59JT,M00766,2013-10-07,251,251,in date,in date,in date,88.9869303186,no,7066429,low,464.0561361607142857142857143,very low,0.1139476126741443669017495743,yes,90.72661677746453887875333752,no,0.860051952942,0.75,no,0.866118468233,no,0.852465634407,no,-0.00140218418503,-0.003193154317,no,-0.000363167995491,-0.00264375762758,no,no,-0.00154463757122,-0.00468449750007,no,High,0.0210205550599,no,no outlying indexes, , ,No NTC on run
131025_M00766_0059_000000000-A5P9A,M00766,2013-10-25,151,151,in date,in date,in date,90.6340956362,no,17754371,low,930.3591004464285714285714286,OK,0.03083595660920810582875013841,no,91.40364164616080766452151169,no,0.922417574429,0.8,no,0.935490132214,no,0.905462811503,no,-0.000949722639056,-0.00244969399453,no,-0.000103200436919,-0.000989604121089,no,no,-0.00102739556612,-0.00254254101512,no,OK,0.514834692823,yes,no outlying indexes, , ,No NTC on run
131031_M00766_0061_000000000-A5M27,M00766,2013-10-31,151,151,Run analysis for 131031_M00766_0061_000000000-A5M27 incomplete
140205_M00766_0021_000000000-A7RVR,M00766,2014-02-05,251,251,in date,in date,in date,96.230318402,no,10640092,low,549.8594129464285714285714286,very low,0.01552561577963388699356449944,no,96.24265056778991080243049681,no,0.77553678677,0.75,no,0.824592136536,no,0.723197016047,yes,-0.0023110886036,-0.003193154317,no,-0.000331633663217,-0.00357176352719,no,yes,-0.00335382042619,-0.00468449750007,no,High,0.112191947859,yes,no outlying indexes, , ,No NTC on run
140207_M00766_0022_000000000-A7PH8,M00766,2014-02-07,251,251,in date,in date,in date,88.3301325398,no,10785103,low,558.1002834821428571428571429,low,0.05344625401553987269543156610,no,89.86569921969175043491006991,no,0.851422104243,0.75,no,0.854798479848,no,0.84338390379,no,-0.00146362480201,-0.003193154317,no,-0.000326673286482,-0.00285009857973,no,no,-0.00167763234001,-0.00468449750007,no,High,0.394399264587,yes,no outlying indexes, , ,No NTC on run
140314_M00766_0027_000000000-A7C5E,M00766,2014-03-14,151,151,No InterOp data for 140314_M00766_0027_000000000-A7C5E
140424_M00766_0033_000000000-A7BNA,M00766,2014-04-24,151,151,in date,in date,in date,97.0072243156,no,5094671,low,251.0711116071428571428571429,very low,0.2309973023468649901238057593,yes,98.54692236113700399522739865,no,0.936720878257,0.8,no,0.946448378308,no,0.925449928741,no,-0.000960882558774,-0.00244969399453,no,-0.000165240029235,-0.000815995712822,no,no,-0.00103585050567,-0.00254254101512,no,OK,0.497958208396,yes,['10M1732'],[],['10M1732'],NTC OK
140514_M00766_0036_000000000-A7BRK,M00766,2014-05-14,151,151,in date,in date,in date,81.4683675675,no,20334208,low,1124.48275000000000000000000,very high,0.01710141658854168079863079270,no,81.28442515329395893210848565,no,0.796651747414,0.8,yes,0.836772636587,no,0.75502261252,yes,-0.00241660955124,-0.00244969399453,no,-0.00186839803343,-0.00421244273727,no,yes,-0.00185469834236,-0.00254254101512,no,High,0.51173002616,yes,no outlying indexes, , ,No NTC on run
140603_M00766_0037_000000000-A7WU9,M00766,2014-06-03,251,251,in date,in date,in date,80.6391658801,no,20279789,low,1121.290290178571428571428571,very high,0.02018483556253919984566942175,no,81.23631170956512559133144448,no,0.672623065058,0.75,yes,0.87095566662,no,0.46478391472,yes,-0.0011434636641,-0.003193154317,no,-0.000203298917524,-0.00226131130618,no,no,-0.00337790591656,-0.00468449750007,no,OK,0.33214353136,yes,no outlying indexes, , ,No NTC on run
140612_M00766_0039_000000000-A7BNL,M00766,2014-06-12,251,251,in date,in date,in date,91.3730181589,no,20643048,low,1088.175098214285714285714286,OK,0.01452947691713464330166528699,no,90.36950993956469684084967843,no,0.787658032123,0.75,no,0.826192603617,no,0.744258542283,yes,-0.00221371283735,-0.003193154317,no,-0.000464520521343,-0.00500411861012,no,yes,-0.00266211294214,-0.00468449750007,no,OK,0.119146051012,yes,no outlying indexes, , ,NTC OK
140616_M00766_0040_000000000-A78V9,M00766,2014-06-16,251,251,in date,in date,in date,97.3311095836,no,10710545,low,534.5910602678571428571428571,very low,0.006509650769717490293973802140,no,97.50498035498967207228257023,no,0.814983992091,0.75,no,0.840600794586,no,0.784900722602,no,-0.00240615786581,-0.003193154317,no,-0.000230328306093,-0.00608190372583,no,yes,-0.00297116350872,-0.00468449750007,no,OK,0.0876741909912,yes,no outlying indexes, , ,NTC OK
140625_M00766_0041_000000000-A8P78,M00766,2014-06-25,251,251,in date,in date,in date,93.699084513,no,12306226,low,638.31548437500000000000000,low,0.01594721455863729357266451391,no,93.55158322177074972259287356,no,0.807937392271,0.75,no,0.837208702812,no,0.774012590095,no,-0.00232659816659,-0.003193154317,no,-0.000241631859352,-0.00578975547686,no,yes,-0.00292161704345,-0.00468449750007,no,OK,0.121749473286,yes,['12M01046'],['12M01046'],[],NTC OK
140813_M00766_0047_000000000-A8PJL,M00766,2014-08-13,151,151,in date,in date,in date,91.9351840993,no,17936069,low,943.9049553571428571428571429,OK,0.02621281937062545598427863998,no,91.97980823921717349573190984,no,0.924652724324,0.8,no,0.943518114253,no,0.90463217549,no,-0.000682244454679,-0.00244969399453,no,-0.000100569247062,-0.000756811251714,no,no,-0.000759510549391,-0.00254254101512,no,OK,0.354646178189,yes,['11M08823'],['11M08823'],[],NTC OK
140901_M00766_0048_000000000-AA63M,M00766,2014-09-01,151,151,in date,in date,in date,94.0672572152,no,17640397,low,909.8288504464285714285714286,low,0.02007009772982738979788009457,no,93.89440326647520815399968006,no,0.938620311608,0.8,no,0.960718219363,no,0.91538393382,no,-0.000441146943112,-0.00244969399453,no,-7.14903397291e-05,-0.000526224728908,no,no,-0.000520411133538,-0.00254254101512,no,OK,0.226427031626,yes,['14M05256'],[],['14M05256'],NTC OK
141014_M00766_0053_000000000-A8R6M,M00766,2014-10-14,151,151,in date,in date,in date,89.6386992563,no,19084469,low,1011.432129464285714285714286,OK,0.01400613613696554945693810502,no,90.03421847466804987057911558,no,0.89321306275,0.8,no,0.918648970254,no,0.865605796355,no,-0.00105608406432,-0.00244969399453,no,-0.000267456722597,-0.00101375750575,no,no,-0.00112476891866,-0.00254254101512,no,OK,0.104406147166,yes,no outlying indexes, , ,NTC OK
141024_M00766_0056_000000000-A8PC5,M00766,2014-10-24,151,151,in date,in date,in date,86.6935469123,no,22517755,low,1216.732294642857142857142857,very high,0.01744246976842777877708177569,no,86.73065298539019858682598481,no,0.888727301147,0.8,no,0.928814376163,no,0.846413129115,no,-0.000697078481413,-0.00244969399453,no,-0.000294409305532,-0.00088063678941,no,no,-0.000811192070057,-0.00254254101512,no,High,0.510779207713,yes,no outlying indexes, , ,NTC OK
141031_M00766_0058_000000000-AA3GN,M00766,2014-10-31,75,75,in date,in date,in date,84.8049245999,no,22830617,low,1020.359988486842105263157895,OK,0.06696289606081485608314526822,no,85.48519602608931210007024641,no,0.941884996257,0.85,no,0.943572740646,no,0.937976985904,no,-0.000725982787051,-0.00100684681308,no,-0.000899317094226,-0.00067874043234,no,no,-0.000331898105854,-0.00201550065211,no,OK,0.424849792724,yes,no outlying indexes, , ,NTC OK
141107_M00766_0060_000000000-AA8PM,M00766,2014-11-07,151,151,in date,in date,in date,90.0797664073,no,11262793,low,579.4484508928571428571428571,low,0.03496644861275790594823862730,no,90.21205572502911124228606276,no,0.960279386151,0.8,no,0.966781090447,no,0.95389709549,no,-0.000138064841546,-0.00244969399453,no,7.45698944228e-05,-0.000352054470972,no,no,-0.000117471068641,-0.00254254101512,no,OK,0.227360049509,yes,['14M08238' '14M09145' '14M09855'],['14M08238' '14M09145' '14M09855'],[],NTC OK
141118_M00766_0061_000000000-A8P8J,M00766,2014-11-18,151,151,in date,in date,in date,92.7322080854,no,19181201,low,1009.90740625000000000000000,OK,0.02796123017003647635866217516,no,92.31199767719848778532545057,no,0.935723050212,0.8,no,0.947732808979,no,0.922177292581,no,-0.000623100473038,-0.00244969399453,no,-0.000170525175904,-0.000672195647719,no,no,-0.00072414977448,-0.00254254101512,no,OK,0.131909190932,yes,['14M07799'],['14M07799'],[],NTC OK
141125_M00766_0062_000000000-A7BKW,M00766,2014-11-25,151,151,out of date,in date,in date,94.9830471515,no,14809543,low,762.93670312500000000000000,low,0.01858933609410100671751590914,no,95.09637139455333782721594689,no,0.893789600133,0.8,no,0.963115469103,no,0.829773623598,no,-0.000419113700946,-0.00244969399453,no,-0.000101845427603,-0.000650894675252,no,no,-0.000429460517495,-0.00254254101512,no,OK,0.334968349024,yes,no outlying indexes, , ,NTC OK
141208_M00766_0063_000000000-A8P7C,M00766,2014-12-08,151,151,in date,in date,in date,90.0509936785,no,21795042,low,1153.004053571428571428571429,high,0.02094100797829856656235418662,no,89.94104714755698405587013373,no,0.898260640965,0.8,no,0.944636060315,no,0.858694749284,no,-0.000600483902211,-0.00244969399453,no,-0.000152293079961,-0.00113431263488,no,no,-0.000511212042534,-0.00254254101512,no,OK,0.328908652545,yes,no outlying indexes, , ,NTC OK
141212_M00766_0064_000000000-ACCEB,M00766,2014-12-12,151,151,in date,in date,in date,81.1932991802,no,20826514,low,1127.545986607142857142857143,very high,0.02187498964663838782674684063,no,81.01623152899320083870498069,no,0.740576194241,0.8,yes,0.808158551677,no,0.67993015859,yes,-0.00285916079235,-0.00244969399453,yes,-0.00193800723693,-0.00458993848412,no,yes,-0.00150037374356,-0.00254254101512,no,High,0.283075597089,yes,['6'],['6'],[],NTC OK
141216_M00766_0065_000000000-ACCDT,M00766,2014-12-16,151,151,in date,in date,in date,79.0857808479,no,20548879,low,1120.726524553571428571428571,very high,0.02252035575867004782612297608,no,79.08481389792483838870320101,yes,0.773980871689,0.8,yes,0.841620027026,no,0.704045809619,yes,-0.00218684797462,-0.00244969399453,no,-0.00146326900533,-0.00369620584264,no,yes,-0.000799474591204,-0.00254254101512,no,OK,0.556317437653,yes,['13M11854'],[],['13M11854'],NTC OK
141219_M00766_0066_000000000-ACCB1,M00766,2014-12-19,151,151,in date,in date,in date,84.1074790438,no,16554828,low,882.4453928571428571428571429,OK,0.03018760674678998549795319534,no,83.54398290337614140202006958,no,0.716306917213,0.8,yes,0.7779356676,yes,0.660606857047,yes,-0.00347974649346,-0.00244969399453,yes,-0.00297143096902,-0.00427289096453,yes,yes,-0.00187792463603,-0.00254254101512,no,High,0.878196886903,yes,['13M12119'],[],['13M12119'],NTC OK
141222_M00766_0067_000000000-ACCB3,M00766,2014-12-22,151,151,in date,in date,in date,67.765325531,yes,14253970,low,760.3919821428571428571428571,OK,0.02981504227469948112190498763,no,68.18741363028515679940347689,yes,0.821393686653,0.8,no,0.854556540021,no,0.784264504686,yes,-0.0021202625805,-0.00244969399453,no,-0.000491365371424,-0.0052909696537,no,yes,-0.00135369809631,-0.00254254101512,no,OK,0.272831581579,yes,no outlying indexes, , ,NTC OK
150112_M00766_0068_000000000-A8PD8,M00766,2015-01-12,151,151,in date,in date,in date,94.8170281425,no,15773684,low,797.5388303571428571428571429,low,0.02858200351352876377543027049,no,94.98946403855704921136397661,no,0.92451490703,0.8,no,0.938764599257,no,0.908625888268,no,-0.000908449521127,-0.00244969399453,no,-0.000228065224307,-0.00117427791363,no,no,-0.000849419738694,-0.00254254101512,no,OK,0.205766766697,yes,no outlying indexes, , ,NTC OK
150114_M00766_0069_000000000-AA68B,M00766,2015-01-14,151,151,in date,in date,in date,77.8261626416,no,20704375,low,1148.075799107142857142857143,very high,0.02439712003705212579535560350,no,77.33153324902558727434069697,yes,0.863805951407,0.8,no,0.919494104427,no,0.813329982046,no,-0.000606814812197,-0.00244969399453,no,-0.000183386395124,-0.00104078803927,no,no,-0.000575871109369,-0.00254254101512,no,OK,0.189230804885,yes,['14M09058'],['14M09058'],[],NTC OK
150116_M00766_0070_000000000-ACC3G,M00766,2015-01-16,151,151,in date,in date,in date,86.2970148651,no,14147272,low,752.80145312500000000000000,low,0.04098568943899593918138426982,no,86.23220229734756438518112872,no,0.9336187397,0.8,no,0.957945689585,no,0.917690722628,no,-0.000143260230391,-0.00244969399453,no,9.10542004865e-05,-0.000406277441888,no,no,0.000220315418871,-0.00254254101512,no,OK,0.376492793315,yes,['14M11762-2' '3M0956-2' '3M0956' '14M11762'],['14M11762-2' '3M0956-2' '3M0956' '14M11762'],[],NTC OK
150120_M00766_0071_000000000-AA63K,M00766,2015-01-20,151,151,in date,in date,in date,85.969426001,no,14794255,low,793.1928883928571428571428571,low,0.05598996796654338075730541192,no,87.45920644400756637641686984,no,0.907790638024,0.8,no,0.934867734511,no,0.892847734448,no,-0.000608341510996,-0.00244969399453,no,-6.44064724029e-06,-0.00142458380285,no,no,-0.000644234716533,-0.00254254101512,no,OK,0.44894999441,yes,['9M4318'],[],['9M4318'],No NTC on run
150127_M00766_0072_000000000-ABRK7,M00766,2015-01-27,151,151,in date,in date,out of date,94.2570893031,no,17854832,low,926.0781696428571428571428571,low,0.02951072338989345861252896085,no,94.34352003109586666596630931,no,0.932572833017,0.8,no,0.95667638722,no,0.906913630806,no,-0.000540760228697,-0.00244969399453,no,-0.000164260997104,-0.000720039395161,no,no,-0.000676488200101,-0.00254254101512,no,OK,0.235579121439,yes,['14M12186'],[],['14M12186'],NTC OK
150130_M00766_0073_000000000-ACBVB,M00766,2015-01-30,251,251,in date,in date,in date,81.2781494276,no,23929178,low,1312.989638392857142857142857,very high,0.01797153051278407231719850202,no,81.13322148831717071031895935,no,0.662355643809,0.75,yes,0.702155804894,yes,0.619615637964,yes,-0.00336105092785,-0.003193154317,yes,-0.00100124754068,-0.00569295412781,no,yes,-0.00344930470032,-0.00468449750007,no,OK,0.313798497574,yes,no outlying indexes, , ,No NTC on run
150203_M00766_0074_000000000-AAUMH,M00766,2015-02-03,151,151,in date,in date,in date,81.6067535558,no,16649356,low,884.3212410714285714285714286,OK,0.05242824689274765001561895469,no,81.24510190924835007291957188,no,0.903422175957,0.8,no,0.928859553733,no,0.88526878113,no,-0.000478813648304,-0.00244969399453,no,6.96096770723e-05,-0.00109888083181,no,no,-0.000201412630494,-0.00254254101512,no,OK,0.35670128177,yes,['13M70724' '13M70411' '13M70386' '13M70429' '13M70467'],['13M70724' '13M70386'],['13M70411' '13M70429' '13M70467'],NTC OK
150205_M00766_0075_000000000-ACC43,M00766,2015-02-05,151,151,in date,in date,in date,93.254001435,no,17676890,low,914.0169352678571428571428571,low,0.03861733978920689258012011335,no,93.30737695301370000770981594,no,0.859498638454,0.8,no,0.894522971642,no,0.83020614647,no,-0.0019393923418,-0.00244969399453,no,-0.000664445501715,-0.00375467677661,no,yes,-0.00173184269249,-0.00254254101512,no,High,0.582757117534,yes,no outlying indexes, , ,NTC OK
150220_M00766_0077_000000000-AA2U8,M00766,2015-02-20,26,26,in date,in date,in date,11.2988503235,yes,3422864,low,175.397843750000000000000000,very high,0.06938741108079530576628029391,no,0.000000,yes,0.632108626597,0.9,yes,0.8844395984,yes,0.470345604868,yes,0.0,-0.00316774006479,no,0.0,0.0,no,no,0.0,-0.00479745288451,no,High,0.649696929962,yes,no outlying indexes, , ,No NTC on run
150224_M00766_0078_000000000-ACMP5,M00766,2015-02-24,75,75,in date,in date,in date,82.4895953677,no,36080266,low,1546.849967105263157894736842,very high,0.02428265718454546762416066832,no,82.28201300808156902525164000,no,0.931679110309,0.85,no,0.948683195407,no,0.912679412803,no,-0.000477717717186,-0.00100684681308,no,-0.00074448135615,-0.000355465167105,no,no,-0.00047645564111,-0.00201550065211,no,OK,0.220711790881,yes,['14M09093'],[],['14M09093'],NTC OK
150227_M00766_0079_000000000-ACPR9,M00766,2015-02-27,75,75,in date,in date,in date,91.9722520436,no,29954337,low,1225.663368421052631578947368,OK,0.01938604884651441013134162643,no,91.98158202002219202233262906,no,0.964635377838,0.85,no,0.973718179552,no,0.95481846296,no,-0.000300486790278,-0.00100684681308,no,-0.000324472131814,-0.000287492121692,no,no,-0.0003937459791,-0.00201550065211,no,OK,0.181204591253,yes,no outlying indexes, , ,NTC OK
150306_M00766_0080_000000000-ACNEP,M00766,2015-03-06,75,75,in date,in date,in date,94.1060185516,no,26017554,low,1059.916703947368421052631579,low,0.02141964928892400176067203070,no,94.16899833767793776109828757,no,0.970083627073,0.85,no,0.978487994682,no,0.961732809574,no,-0.000286250752224,-0.00100684681308,no,-0.000218552134127,-0.00039406596889,no,no,-0.000238657267011,-0.00201550065211,no,OK,0.204045784127,yes,['13M11429'],['13M11429'],[],NTC OK
150311_M00766_0081_000000000-ACN0W,M00766,2015-03-11,75,75,in date,in date,in date,92.0794737605,no,28700881,low,1177.631779605263157894736842,OK,0.01615794222382519420609490787,no,92.53206437967193252057906770,no,0.961910205095,0.85,no,0.972496036852,no,0.950816390619,no,-0.000343805770488,-0.00100684681308,no,-0.000262872208847,-0.000438481690229,no,no,-0.000289088069063,-0.00201550065211,no,OK,0.308791352737,yes,no outlying indexes, , ,NTC OK
150325_M00766_0084_000000000-AD8KN,M00766,2015-03-25,75,75,in date,in date,in date,93.0443296898,no,26726137,low,1096.119766447368421052631579,low,0.02508544555904824847169052901,no,93.52375298237516558222722335,no,0.964793872811,0.85,no,0.974491387713,no,0.954509338929,no,-0.000343151529897,-0.00100684681308,no,-0.000267649946627,-0.000445612295736,no,no,-0.000256087946831,-0.00201550065211,no,OK,0.616995853099,yes,no outlying indexes, , ,NTC OK
150401_M00766_0086_000000000-ACBU5,M00766,2015-04-01,151,151,in date,in date,in date,90.4493702311,no,18801773,low,986.6817165178571428571428571,OK,0.02918237323863869526017050053,no,90.75912326800322634957454146,no,0.840103937144,0.8,no,0.871946344198,no,0.806591927149,no,-0.00229574596566,-0.00244969399453,no,-0.00133325596834,-0.0051532404534,no,yes,-0.00222239247767,-0.00254254101512,no,High,2.25607967727,yes,['15M00594' '15M00616'],[],['15M00594' '15M00616'],NTC OK
150402_M00766_0087_000000000-ACCAY,M00766,2015-04-02,151,151,in date,in date,in date,88.6379197159,no,17224632,low,896.3346830357142857142857143,OK,0.06834151842452906476474641146,no,91.27089887756603978853877815,no,0.851663434199,0.8,no,0.881729201522,no,0.819979711313,no,-0.00220331793699,-0.00244969399453,no,-0.00113354510276,-0.00509700410399,no,yes,-0.00214693350747,-0.00254254101512,no,OK,0.493904358782,yes,no outlying indexes, , ,NTC OK
150407_M00766_0088_000000000-ACCAT,M00766,2015-04-07,151,151,in date,in date,in date,86.0052759614,no,20081955,low,1075.426102678571428571428571,high,0.03195084840598958428343929590,no,86.14662649560207016011460568,no,0.800601186649,0.8,no,0.851900155608,no,0.747879983077,yes,-0.00236896176761,-0.00244969399453,no,-0.00159801007422,-0.00494125485981,no,yes,-0.00185402108568,-0.00254254101512,no,OK,0.620389515057,yes,no outlying indexes, , ,NTC OK
150410_M00766_0089_000000000-ACBU4,M00766,2015-04-10,151,151,in date,in date,out of date,94.4563263021,no,16861157,low,867.0412477678571428571428571,low,0.02185083090905593698450307827,no,94.41522913065744885132941578,no,0.936357842723,0.8,no,0.967200522534,no,0.908772313527,no,-0.000431592803981,-0.00244969399453,no,-5.70551250958e-06,-0.00118088498575,no,no,-0.00125695210203,-0.00254254101512,no,OK,0.248691332478,yes,['14M04128'],['14M04128'],[],NTC OK
150414_M00766_0090_000000000-AAU39,M00766,2015-04-14,151,151,in date,in date,in date,86.0406755101,no,14841878,low,771.5068169642857142857142857,low,0.03988045259255806442457376688,no,87.18613071491297142452373179,no,0.936266844441,0.8,no,0.950581526121,no,0.92140197679,no,-0.000257705123767,-0.00244969399453,no,0.000159342427011,-0.000661083683127,no,no,-0.000463361788877,-0.00254254101512,no,OK,0.169484433822,yes,['13M70646'],['13M70646'],[],NTC OK
150430_M00766_0092_000000000-AD77P,M00766,2015-04-30,75,75,in date,in date,in date,86.4781989333,no,33656164,low,1420.365720394736842105263158,high,0.02921542287884203828168998607,no,86.06058334884121027020328591,no,0.94126879531,0.85,no,0.956387424307,no,0.924946600965,no,-0.000531452078375,-0.00100684681308,no,-0.000527808890674,-0.000661945458955,no,no,-0.000605269617528,-0.00201550065211,no,OK,0.329028489446,yes,no outlying indexes, , ,NTC OK
150501_M00766_0093_000000000-AF9MH,M00766,2015-05-01,75,75,in date,in date,in date,87.2253396086,no,34467195,low,1450.646105263157894736842105,high,0.02201188861826800836281754177,no,87.01969519684268288860097287,no,0.941388588501,0.85,no,0.9563947895,no,0.925692712737,no,-0.000567619298728,-0.00100684681308,no,-0.000570421490052,-0.000673179645132,no,no,-0.000524318747122,-0.00201550065211,no,OK,0.383117199256,yes,['14M11012'],[],['14M11012'],NTC OK
150506_M00766_0094_000000000-AEVP8,M00766,2015-05-06,151,151,in date,in date,in date,89.4984018785,no,20688072,low,1090.205553571428571428571429,high,0.02988823202192693513293517976,no,89.72168387156554603174863491,no,0.924582089871,0.8,no,0.945682182122,no,0.901987464209,no,-0.000512152688727,-0.00244969399453,no,-0.000160908548837,-0.000918578391118,no,no,-0.000903318215954,-0.00254254101512,no,OK,0.232513709022,yes,no outlying indexes, , ,NTC OK
150507_M00766_0095_000000000-AF7N3,M00766,2015-05-07,75,75,in date,in date,in date,92.6658174304,no,27410104,low,1119.712180921052631578947368,OK,0.03660270786467950734007926002,no,93.53274365410414834720517995,no,0.961592519387,0.85,no,0.974096452899,no,0.949531819361,no,-0.000363892751496,-0.00100684681308,no,-0.000321350531011,-0.000496098508506,no,no,-0.000428450311218,-0.00201550065211,no,OK,0.29241141832,yes,['14M10600'],[],['14M10600'],NTC OK
150508_M00766_0096_000000000-AF9MW,M00766,2015-05-08,75,75,in date,in date,in date,91.456518288,no,29237117,low,1200.322078947368421052631579,OK,0.04936236003169359409127927753,no,92.60007460576889324648298611,no,0.956836167351,0.85,no,0.970220343773,no,0.943332996889,no,-0.000392031511938,-0.00100684681308,no,-0.00040302453843,-0.000389178933082,no,no,-0.000403437781302,-0.00201550065211,no,OK,0.371266123142,yes,no outlying indexes, , ,NTC OK
150515_M00766_0098_000000000-AF9ND,M00766,2015-05-15,75,75,in date,in date,in date,96.8787399523,no,15942131,low,638.6352532894736842105263158,very low,0.03006758749059460274060850315,no,96.97619152304737588803020753,no,0.979947884276,0.85,no,0.987054436658,no,0.974463544428,no,-0.000243987137406,-0.00100684681308,no,-0.00012618344986,-0.000344207923976,no,no,-0.000160411885577,-0.00201550065211,no,OK,0.336536306647,yes,no outlying indexes, , ,NTC OK
150516_M00766_0099_000000000-AF81F,M00766,2015-05-16,75,75,in date,in date,in date,92.0597323162,no,29948630,low,1238.429217105263157894736842,OK,0.01726943610905480368982479742,no,91.83052300140724393671230700,no,0.960823526735,0.85,no,0.972491618704,no,0.949054757207,no,-0.000362719768974,-0.00100684681308,no,-0.000354676162464,-0.000530504379961,no,no,-0.000377427363426,-0.00201550065211,no,OK,0.305561701446,yes,no outlying indexes, , ,NTC OK
150518_M00766_0100_000000000-AATJ7,M00766,2015-05-18,151,151,in date,in date,in date,89.6123163279,no,7467630,low,351.2212287946428571428571429,very low,0.03758972286933645774803233712,no,88.72163291135104666373200058,no,0.941062647894,0.8,no,0.95572264463,no,0.925867044371,no,-0.000371287071698,-0.00244969399453,no,-2.49648389409e-05,-0.000936447454212,no,no,-0.000847434126428,-0.00254254101512,no,OK,2.6174883133,yes,['Faststart' '360Taq4mM' '360Taq2mM'],[],['Faststart' '360Taq4mM' '360Taq2mM'],NTC OK
150521_M00766_0102_000000000-AF9MV,M00766,2015-05-21,75,75,in date,in date,in date,89.6457873322,no,30563261,low,1273.659164473684210526315789,high,0.04372854831483638205571733647,no,90.95531328324731058054602021,no,0.95231647234,0.85,no,0.964921576922,no,0.939274294498,no,-0.00050705733562,-0.00100684681308,no,-0.000409582358982,-0.000725774207589,no,no,-0.000460262378063,-0.00201550065211,no,OK,0.358103429213,yes,['14M09383'],[],['14M09383'],NTC OK
150522_M00766_0103_000000000-AF9M3,M00766,2015-05-22,75,75,in date,in date,in date,88.2546426216,no,33587117,low,1405.619572368421052631578947,high,0.02630522699756163645048986010,no,88.41864078584488978186401834,no,0.944663854449,0.85,no,0.958525696624,no,0.929623696689,no,-0.00056187589485,-0.00100684681308,no,-0.000520598342584,-0.000711524240415,no,no,-0.000501460717767,-0.00201550065211,no,OK,0.398945412937,yes,no outlying indexes, , ,NTC OK
150528_M00766_0105_000000000-AF9MJ,M00766,2015-05-28,75,75,in date,in date,in date,91.4092632144,no,30434248,low,1259.146019736842105263157895,OK,0.03302724049871523742500720812,no,91.41541271839250067780783087,no,0.959097994728,0.85,no,0.96908123988,no,0.948961190038,no,-0.000439178295835,-0.00100684681308,no,-0.000400126963993,-0.000464530351336,no,no,-0.000329154549399,-0.00201550065211,no,OK,0.431056782103,yes,['14M12059'],[],['14M12059'],NTC OK
150529_M00766_0106_000000000-AEVP5,M00766,2015-05-29,151,151,in date,in date,in date,88.3588616605,no,15502868,low,806.7577924107142857142857143,low,0.03265265848579282776136847290,no,89.36920487607018497181009844,no,0.913312481819,0.8,no,0.926622245058,no,0.898237175485,no,-0.000822141609281,-0.00244969399453,no,-0.000261578338953,-0.00158053473767,no,no,-0.0010281958547,-0.00254254101512,no,OK,0.32148527897,yes,['13M70706' '13M70790'],['13M70706' '13M70790'],[],NTC OK
150601_M00766_0107_000000000-AF9N8,M00766,2015-06-01,75,75,in date,in date,in date,96.7089986909,no,17833767,low,714.0694161184210526315789474,very low,0.03648650717434130823701047672,no,97.19352163522218981910457134,no,0.979157075764,0.85,no,0.986190805341,no,0.97361431865,no,-0.000249478937597,-0.00100684681308,no,-0.000104569906753,-0.000357978920532,no,no,-0.00016825665859,-0.00201550065211,no,OK,0.378425504774,yes,['15M05723'],['15M05723'],[],NTC OK
150602_M00766_0108_000000000-AFMB8,M00766,2015-06-02,200,200,in date,in date,in date,87.606504894,no,33648503,low,1419.09212500000000000000000,high,0.01720751647315023478202692253,no,87.22658940985258136967522411,no,0.822401145579,0.7,no,0.847305749382,no,0.792803060511,no,-0.00190908632667,-0.0035500781259,no,-0.00103798254872,-0.00334952760115,no,no,-0.00237492334835,-0.00402649838041,no,OK,0.367225522646,yes,['14M12202'],[],['14M12202'],NTC OK
150604_M00766_0109_000000000-AFJ62,M00766,2015-06-04,75,75,in date,in date,in date,90.2875857134,no,30654786,low,1283.025013157894736842105263,high,0.01956643355870764858529946484,no,90.53163814356355985631087835,no,0.948542434921,0.85,no,0.965771624698,no,0.930182168618,no,-0.000469897623096,-0.00100684681308,no,-0.000449165967147,-0.000549539426164,no,no,-0.000548765244673,-0.00201550065211,no,OK,0.425555058225,yes,no outlying indexes, , ,NTC OK
150605_M00766_0110_000000000-AF80F,M00766,2015-06-05,75,75,in date,in date,in date,83.8600541752,no,32100609,low,1379.937549342105263157894737,high,0.01960615216416330092602592524,no,84.32755410810994619142670199,no,0.924139958083,0.85,no,0.946057170442,no,0.898459084894,no,-0.000710657266204,-0.00100684681308,no,-0.00077583380411,-0.000766670395425,no,no,-0.000779612745204,-0.00201550065211,no,OK,1.15297764526,yes,['15M01355'],[],['15M01355'],NTC OK
150610_M00766_0111_000000000-AFMWF,M00766,2015-06-10,75,75,in date,in date,in date,89.8899344602,no,32008549,low,1328.173138157894736842105263,high,0.01581285816055103506644716799,no,89.88020526026338381730021866,no,0.949119545168,0.85,no,0.963729760654,no,0.934470018827,no,-0.000523152491164,-0.00100684681308,no,-0.00048808436699,-0.000607183078852,no,no,-0.000503415401748,-0.00201550065211,no,OK,0.429261109295,yes,['14M10378'],[],['14M10378'],NTC OK
150612_M00766_0112_000000000-AFMW5,M00766,2015-06-12,75,75,in date,in date,in date,85.2765919195,no,34132691,low,1448.125549342105263157894737,high,0.01958517892680779223942831950,no,85.05411962567553229432230979,no,0.931557330371,0.85,no,0.950806535978,no,0.911047294415,no,-0.000610296565793,-0.00100684681308,no,-0.000631003762859,-0.000625934393041,no,no,-0.000643439736152,-0.00201550065211,no,OK,0.423634638015,yes,no outlying indexes, , ,NTC OK
150615_M00766_0113_000000000-AFBH3,M00766,2015-06-15,251,251,in date,in date,in date,89.3839904555,no,20944521,low,1111.43789062500000000000000,high,0.03750575488221434918044218444,no,89.08456197429079329879312171,no,0.713634567358,0.75,yes,0.816324231999,no,0.605347753765,yes,-0.00232129714403,-0.003193154317,no,-0.000419647264463,-0.00516771571087,no,yes,-0.00418603022325,-0.00468449750007,no,OK,0.114450797544,yes,['15M01148'],[],['15M01148'],NTC OK
150619_M00766_0114_000000000-AFMYN,M00766,2015-06-19,75,75,in date,in date,in date,92.1565208815,no,28125244,low,1158.452565789473684210526316,OK,0.03441071976199498384891506281,no,93.20828435520199730563565475,no,0.958628255632,0.85,no,0.972416694886,no,0.944057793774,no,-0.000410560303304,-0.00100684681308,no,-0.000390882880006,-0.00060439579736,no,no,-0.000587576932819,-0.00201550065211,no,OK,0.339155930865,yes,no outlying indexes, , ,NTC OK
150622_M00766_0115_000000000-AFN2H,M00766,2015-06-22,75,75,in date,in date,in date,93.2875158174,no,26234040,low,1075.611297697368421052631579,low,0.02057840355950860667446020708,no,93.40728210475236345621483605,no,0.964724785822,0.85,no,0.97473344962,no,0.955574093303,no,-0.000383911872448,-0.00100684681308,no,-0.000285290458216,-0.000467968215909,no,no,-0.000277600669744,-0.00201550065211,no,OK,0.383334870433,yes,['15M05252'],[],['15M05252'],NTC OK
150623_M00766_0116_000000000-AFLEW,M00766,2015-06-23,151,151,in date,in date,in date,87.7026277902,no,20733081,low,1104.09606250000000000000000,high,0.03492320828328206747199692836,no,86.86714671147917336227496530,no,0.844660809488,0.8,no,0.892663482644,no,0.793871083135,yes,-0.00192678750291,-0.00244969399453,no,-0.000589560262966,-0.00492622105595,no,yes,-0.00236233946226,-0.00254254101512,no,OK,0.427711598586,yes,no outlying indexes, , ,NTC OK
150703_M00766_0117_000000000-AFN2F,M00766,2015-07-03,75,75,in date,in date,in date,89.9328101094,no,28300840,low,1173.625871710526315789473684,OK,0.03609077433751859559890144260,no,90.41584647912476565099196431,no,0.949192314531,0.85,no,0.95813758932,no,0.939843364367,no,-0.000624282194857,-0.00100684681308,no,-0.000566234838096,-0.000627127964112,no,no,-0.00041123436677,-0.00201550065211,no,OK,0.273890576231,yes,['15M06941'],[],['15M06941'],NTC OK
150706_M00766_0118_000000000-AF512,M00766,2015-07-06,200,200,in date,in date,in date,94.4229331256,no,16447526,low,844.1498660714285714285714286,low,0.01636777114312282365801658728,no,94.55234868273145625982006246,no,0.860411680176,0.75,no,0.894163201201,no,0.823971713436,no,-0.00153703377811,-0.0035500781259,no,-0.000574727099394,-0.00318028767632,no,no,-0.00239737548664,-0.00402649838041,no,OK,0.177239804455,yes,no outlying indexes, , ,NTC OK
150727_M00766_0119_000000000-AF3TM,M00766,2015-07-27,151,151,in date,in date,in date,88.8615679247,no,15391937,low,825.3633861607142857142857143,low,0.05559514697424819536496563396,no,88.28495537990981791997623147,no,0.919603455347,0.8,no,0.950096196556,no,0.886677394106,no,-0.000384707937271,-0.00244969399453,no,4.70509184679e-05,-0.000929050010698,no,no,-0.000868891711688,-0.00254254101512,no,OK,0.605811650085,yes,no outlying indexes, , ,NTC OK
150730_M00766_0120_000000000-AFN4E,M00766,2015-07-30,75,75,in date,in date,in date,94.0610725668,no,23945923,low,972.2453717105263157894736842,low,0.05260345070405924042515429714,no,94.27951096272465325184695818,no,0.964702248722,0.85,no,0.976683357747,no,0.953218463118,no,-0.000381927744,-0.00100684681308,no,-0.000293005798086,-0.000399866259526,no,no,-0.000345904263705,-0.00201550065211,no,OK,0.349935463453,yes,no outlying indexes, , ,NTC OK
150731_M00766_0121_000000000-AFMYC,M00766,2015-07-31,75,75,in date,in date,in date,89.5212263939,no,27660854,low,1152.621861842105263157894737,OK,0.03600351877681238130927597087,no,89.69423629140826688215946795,no,0.947869732841,0.85,no,0.954390049803,no,0.940556819636,no,-0.000620822373921,-0.00100684681308,no,-0.000563192782611,-0.000694605689786,no,no,-0.000414039466512,-0.00201550065211,no,OK,0.825070321007,yes,['15M07986'],[],['15M07986'],NTC OK
150807_M00766_0122_000000000-AFMW7,M00766,2015-08-07,75,75,in date,in date,in date,95.8884056324,no,19129362,low,771.6070263157894736842105263,low,0.03118443682490614287464535561,no,96.32075319309693980299309290,no,0.974603043429,0.85,no,0.982656611339,no,0.967877610694,no,-0.000313473235477,-0.00100684681308,no,-0.000198621958736,-0.000332954851856,no,no,-0.000246799896907,-0.00201550065211,no,OK,0.366060711827,yes,no outlying indexes, , ,NTC OK
150810_M00766_0123_000000000-AGTUY,M00766,2015-08-10,151,151,in date,in date,in date,89.2944593605,no,22283310,low,1188.946223214285714285714286,very high,0.01619419118845631888460946846,no,88.93616025820853204279072838,no,0.921771680268,0.8,no,0.954974819883,no,0.88475079295,no,-0.000352431867404,-0.00244969399453,no,-4.54882668884e-05,-0.000748050913582,no,no,-0.00083314592619,-0.00254254101512,no,OK,0.365356046923,yes,['15M07650'],[],['15M07650'],NTC OK
150813_M00766_0124_000000000-AFYEH,M00766,2015-08-13,75,75,in date,in date,in date,94.3227407597,no,25145640,low,1025.334985197368421052631579,low,0.02135748380958585131763201855,no,94.25494539625666143712190008,no,0.967685852588,0.85,no,0.978253523076,no,0.958115375866,no,-0.000331211286029,-0.00100684681308,no,-0.000253999895941,-0.000396655719504,no,no,-0.000346521334419,-0.00201550065211,no,OK,0.234389216834,yes,no outlying indexes, , ,NTC OK
150818_M00766_0125_000000000-AE8BP,M00766,2015-08-18,151,151,in date,in date,in date,91.3886462289,no,15351123,low,804.6944709821428571428571429,low,0.05880549030798670524774800179,no,90.84080346500874159152607396,no,0.924586616101,0.8,no,0.949566969856,no,0.895889722498,no,-0.000522646393248,-0.00244969399453,no,-4.11950831454e-05,-0.00107499840079,no,no,-0.00110868994655,-0.00254254101512,no,OK,0.318511244168,yes,['15M08233'],[],['15M08233'],NTC OK
150820_M00766_0126_000000000-AGHUU,M00766,2015-08-20,75,75,in date,in date,in date,92.7672041245,no,28026234,low,1148.964246710526315789473684,OK,0.02085266490722223372777158323,no,93.29040068758729174975509473,no,0.961522190877,0.85,no,0.974051071816,no,0.949017157758,no,-0.000332732876964,-0.00100684681308,no,-0.000330134373609,-0.000308652681378,no,no,-0.000408402366158,-0.00201550065211,no,OK,0.701431338487,yes,no outlying indexes, , ,NTC OK
150826_M00766_0127_000000000-AGKLT,M00766,2015-08-26,200,200,in date,in date,in date,93.1048372201,no,24799829,low,1017.400203947368421052631579,low,0.01682621260729657775314283228,no,93.58599472448532602367669698,no,0.889945482953,0.7,no,0.910365572279,no,0.868109261358,no,-0.00131978033313,-0.0035500781259,no,-0.000381154524423,-0.00299806041963,no,no,-0.00178848235217,-0.00402649838041,no,OK,0.0949277045613,yes,no outlying indexes, , ,NTC OK
150902_M00766_0128_000000000-AFLDG,M00766,2015-09-02,151,151,in date,in date,in date,89.3024633868,no,21077655,low,1129.952660714285714285714286,high,0.01524599197680744018458773842,no,89.18888423613813691098373145,no,0.832732725111,0.8,no,0.881853267223,no,0.780004958988,yes,-0.00227865753251,-0.00244969399453,no,-0.000757176386412,-0.00583462895763,no,yes,-0.00280729982695,-0.00254254101512,yes,OK,0.46846958834,yes,no outlying indexes, , ,NTC OK
150904_M00766_0129_000000000-AFNA2,M00766,2015-09-04,151,151,in date,in date,in date,84.018188085,no,18908531,low,1029.938535714285714285714286,high,0.02433233708251689972256479210,no,83.76976663444177099801127958,no,0.812552065998,0.8,no,0.867878587299,no,0.7553314823,yes,-0.00220681157462,-0.00244969399453,no,-0.000803306183604,-0.00482124609808,no,yes,-0.00214865619617,-0.00254254101512,no,OK,0.373978661042,yes,['15M04668' '15M04664'],['15M04664'],['15M04668'],NTC OK
150910_M00766_0130_000000000-AGJGG,M00766,2015-09-10,75,75,in date,in date,in date,88.3549803923,no,24463097,low,1059.369707236842105263157895,low,0.009577732562428122741798717194,no,88.28146118516215586865714876,no,0.941357485563,0.85,no,0.959054494749,no,0.922246982329,no,-0.000567172178079,-0.00100684681308,no,-0.000656201238852,-0.000401654515958,no,no,-0.000758982404457,-0.00201550065211,no,OK,0.281011289708,yes,no outlying indexes, , ,NTC OK
150911_M00766_0131_000000000-AGLDT,M00766,2015-09-11,75,75,in date,in date,in date,91.8669191962,no,29894066,low,1233.184217105263157894736842,OK,0.01725655941171616627293548185,no,92.00115442709252819672822076,no,0.959535470893,0.85,no,0.970652949429,no,0.94871606559,no,-0.000429102480365,-0.00100684681308,no,-0.000359511965116,-0.000427059547094,no,no,-0.000314382971047,-0.00201550065211,no,OK,0.309643375692,yes,no outlying indexes, , ,NTC OK
150914_M00766_0132_000000000-AF41F,M00766,2015-09-14,151,151,in date,in date,in date,86.8891522238,no,3991745,low,184.477667968750000000000000,very low,0.01261054450953715252706632671,no,87.67700687377175631086445013,no,0.951236390831,0.8,no,0.962213221178,no,0.940564356246,no,-0.000359992765314,-0.00244969399453,no,0.000202044105152,-0.000917938937022,no,no,-0.000861782592007,-0.00254254101512,no,OK,0.348569889509,yes,['15M07808'],['15M07808'],[],NTC OK
150918_M00766_0133_000000000-AH985,M00766,2015-09-18,200,200,in date,in date,in date,91.3076942165,no,30062610,low,1253.190049342105263157894737,OK,0.03197687446113846809928096182,no,91.56554902913467667198599735,no,0.849790383303,0.7,no,0.884777050961,no,0.811330500745,no,-0.00170227026294,-0.0035500781259,no,-0.000413223327203,-0.00373514556567,no,yes,-0.00217714598808,-0.00402649838041,no,OK,0.156714455333,yes,['15M06627'],[],['15M06627'],NTC OK
150923_M00766_0134_000000000-AFN32,M00766,2015-09-23,151,151,in date,in date,in date,89.0495181057,no,20113067,low,1072.999758928571428571428571,high,0.03379863129204462476431387011,no,88.90597098426526444823807286,no,0.862417601613,0.8,no,0.892943786509,no,0.829520151457,no,-0.00200496866903,-0.00244969399453,no,-0.000653626424966,-0.0052278699644,no,yes,-0.00252550143267,-0.00254254101512,no,OK,0.350607954473,yes,['15M08810' '15M08808'],['15M08810'],['15M08808'],NTC OK
150925_M00766_0135_000000000-AFL75,M00766,2015-09-25,151,151,in date,in date,in date,97.7080425957,no,9080878,low,460.5891506696428571428571429,very low,0.03914524627198058206724238484,no,97.96229724202856360053201524,no,0.947020568221,0.8,no,0.957236001229,no,0.93649089835,no,-0.000690483303981,-0.00244969399453,no,-0.000401459066637,-0.000844983161779,no,no,-0.000850898242665,-0.00254254101512,no,OK,0.462393452068,yes,no outlying indexes, , ,NTC OK
150930_M00766_0138_000000000-AH4BR,M00766,2015-09-30,75,75,in date,in date,in date,90.8514765175,no,29081266,low,1203.49825000000000000000000,OK,0.01837461489587991706931894129,no,90.91098136929014015231924237,no,0.934548975118,0.85,no,0.916514683141,no,0.950342564866,no,-0.00135052530828,-0.00100684681308,yes,-0.000393153670815,0.00146128757451,no,yes,-0.000353227937738,-0.00201550065211,no,OK,0.379116062623,yes,no outlying indexes, , ,NTC OK
151009_M00766_0140_000000000-AGK0B,M00766,2015-10-09,75,75,in date,in date,in date,87.3054518173,no,24687917,low,1048.261393092105263157894737,OK,0.02479930565659809037349692796,no,87.08084096574939233127783310,no,0.955943925827,0.85,no,0.963140526328,no,0.949022811983,no,-0.000451469407813,-0.00100684681308,no,-0.000289288243158,-0.000622295582147,no,no,-0.000369226854603,-0.00201550065211,no,OK,0.422501837663,yes,['15M10481'],['15M10481'],[],NTC OK
151015_M00766_0142_000000000-AJD8B,M00766,2015-10-15,151,151,in date,in date,in date,88.8200231603,no,16091719,low,856.7866986607142857142857143,low,0.03098444975664200956659694620,no,88.99650511751696728313058101,no,0.920603495282,0.8,no,0.951534925659,no,0.888552740279,no,-0.00045360053758,-0.00244969399453,no,-0.00019304952522,-0.00073373547581,no,no,-0.00133128437453,-0.00254254101512,no,OK,0.284803754825,yes,['15M10752' '15M10508'],['15M10508'],['15M10752'],NTC OK
151021_M00766_0144_000000000-AG028,M00766,2015-10-21,75,75,in date,in date,in date,85.0537222395,no,24774347,low,1085.765223684210526315789474,OK,0.01390539643245957302792164271,no,84.68969178920157133038546268,no,0.94128962041,0.85,no,0.956457124514,no,0.925905300888,no,-0.000555869561822,-0.00100684681308,no,-0.00056091865194,-0.000625235750746,no,no,-0.000553735603195,-0.00201550065211,no,OK,0.466166085602,yes,['15M10881'],['15M10881'],[],NTC OK
151022_M00766_0146_000000000-AFN3B,M00766,2015-10-22,151,151,in date,in date,in date,81.4564830358,no,19862739,low,1107.544841517857142857142857,very high,0.03152090350615464705784308784,no,80.96726943758137716232043424,no,0.908489794324,0.8,no,0.933076408656,no,0.882751464458,no,-0.000509490860337,-0.00244969399453,no,-0.000242105502348,-0.000871967030013,no,no,-0.000973667241213,-0.00254254101512,no,OK,0.212734203974,yes,no outlying indexes, , ,NTC OK
151023_M00766_0147_000000000-AFN37,M00766,2015-10-23,151,151,in date,in date,in date,84.6508654256,no,20693511,low,1134.069412946428571428571429,very high,0.03919933052881668789156235511,no,85.30464049090654191453347562,no,0.927066950112,0.8,no,0.951229023353,no,0.902467698451,no,-0.000300458338053,-0.00244969399453,no,-0.000114928527917,-0.000488228428219,no,no,-0.000567356784602,-0.00254254101512,no,OK,0.301674226497,yes,['15M10999' '15M10996'],['15M10996'],['15M10999'],NTC OK
151026_M00766_0148_000000000-AFLVV,M00766,2015-10-26,151,151,in date,in date,in date,88.3188625569,no,18895886,low,1013.325598214285714285714286,OK,0.03220852676394870222859114255,no,89.00931784076384169491224467,no,0.93492999966,0.8,no,0.95660916886,no,0.912684444218,no,-0.000318126802458,-0.00244969399453,no,-0.000104834621087,-0.000534772307881,no,no,-0.000730430279147,-0.00254254101512,no,OK,0.283550154751,yes,['15M10912'],[],['15M10912'],NTC OK
151030_M00766_0150_000000000-AFLDT,M00766,2015-10-30,151,151,in date,in date,in date,89.1257791949,no,19498823,low,1043.772758928571428571428571,OK,0.02231615526779718464816119819,no,89.17350347843771180323043940,no,0.942821892444,0.8,no,0.959166079372,no,0.92636943619,no,-0.000271968874609,-0.00244969399453,no,-6.59861801005e-05,-0.000453684552741,no,no,-0.000432458094713,-0.00254254101512,no,OK,0.502059283397,yes,['15M11131'],[],['15M11131'],NTC OK
151104_M00766_0151_000000000-AK8EW,M00766,2015-11-04,151,151,in date,in date,in date,82.6960493481,no,16143415,low,883.0438995535714285714285714,OK,0.06979160537382668079304240161,no,83.29619867850113051813585243,no,0.919343364017,0.8,no,0.941771516774,no,0.896765908896,no,-0.000357347393109,-0.00244969399453,no,0.000154854663437,-0.000826299765112,no,no,-0.000673312802187,-0.00254254101512,no,OK,0.408463984631,yes,no outlying indexes, , ,NTC OK
151106_M00766_0152_000000000-AJ5W5,M00766,2015-11-06,151,151,in date,in date,in date,89.6103635546,no,16168604,low,863.0095602678571428571428571,low,0.02413628601530387539931826956,no,90.78289190147141491209445051,no,0.931701721949,0.8,no,0.950410299381,no,0.912316569677,no,-0.000497147822177,-0.00244969399453,no,-0.000193217481219,-0.000595793961913,no,no,-0.000545691907102,-0.00254254101512,no,OK,0.267340279714,yes,['15M11860' '15M11870'],['15M11860'],['15M11870'],NTC OK
151116_M00766_0154_000000000-AJF4C,M00766,2015-11-16,151,151,in date,in date,in date,87.937559289,no,13835502,low,734.2782924107142857142857143,low,0.05457727727487017741615957342,no,88.54910454377655444506463920,no,0.931299408366,0.8,no,0.951093933554,no,0.909655161144,no,-0.000336262279027,-0.00244969399453,no,5.50596389329e-05,-0.000725907443148,no,no,-0.000618355923792,-0.00254254101512,no,OK,0.251810380003,yes,['15M12301'],['15M12301'],[],NTC OK
151117_M00766_0155_000000000-AJ6LL,M00766,2015-11-17,151,151,in date,in date,in date,87.0004759731,no,16509092,low,884.22564062500000000000000,OK,0.02456312141920510953198138399,no,86.79186352507071150591633547,no,0.863773780242,0.8,no,0.904202686079,no,0.8209979067,no,-0.00122352789252,-0.00244969399453,no,-0.000361760058587,-0.000562230896685,no,no,-0.000630263371638,-0.00254254101512,no,OK,0.512788561169,yes,['15M11867'],[],['15M11867'],NTC OK
151125_M00766_0158_000000000-AJJC1,M00766,2015-11-25,151,151,in date,in date,in date,78.1686931908,no,3563033,low,150.7739361049107142857142857,very low,0.03127427781026761975789933175,no,78.18627208792854239690379798,yes,0.955804041363,0.8,no,0.967116647475,no,0.947237390019,no,-0.000223534578048,-0.00244969399453,no,5.15776951899e-05,-0.000441489166766,no,no,-0.00043896858693,-0.00254254101512,no,OK,0.293677074471,yes,['15M12680' '15M12866'],['15M12680'],['15M12866'],NTC OK
151126_M00766_0159_000000000-AJD7L,M00766,2015-11-26,75,75,in date,in date,in date,88.0476970453,no,24133209,low,1032.209149671052631578947368,low,0.01728885131777422636334892480,no,87.58384723761580461600786270,no,0.953462354916,0.85,no,0.962962506975,no,0.943228651164,no,-0.000488596409277,-0.00100684681308,no,-0.000515490925381,-0.000496936467482,no,no,-0.000479677906404,-0.00201550065211,no,OK,0.272642725221,yes,no outlying indexes, , ,NTC OK
151127_M00766_0161_000000000-AJERP,M00766,2015-11-27,75,75,in date,in date,in date,90.5389544952,no,24073552,low,1002.826481907894736842105263,low,0.02295918752791963827960816503,no,90.08887656512491568132310015,no,0.954583330939,0.85,no,0.962582122766,no,0.946249844643,no,-0.000575361426858,-0.00100684681308,no,-0.000469137777877,-0.000586231075008,no,no,-0.000516222316635,-0.00201550065211,no,OK,0.567389936481,yes,no outlying indexes, , ,NTC OK
151130_M00766_0163_000000000-AJGC9,M00766,2015-11-30,151,151,in date,in date,in date,79.0356955537,no,21816702,low,1234.726366071428571428571429,very high,0.04322136688588295400704935290,no,79.62685241577844075608766598,yes,0.918791640406,0.8,no,0.942694254877,no,0.894603441076,no,-0.000249698138715,-0.00244969399453,no,-4.25653753516e-05,-0.000434053073252,no,no,-0.000466411558479,-0.00254254101512,no,OK,0.378717279061,yes,['15M12680' '15M12866'],['15M12680'],['15M12866'],NTC OK
151203_M00766_0165_000000000-AJFAA,M00766,2015-12-03,151,151,in date,in date,in date,86.1621699551,no,16734072,low,890.0657299107142857142857143,OK,0.04826885912687705902379120639,no,84.23613560133508914124566560,no,0.926779642218,0.8,no,0.944163562804,no,0.906811037112,no,-0.000363697163312,-0.00244969399453,no,3.02035039941e-05,-0.000814999794384,no,no,-0.00065095824831,-0.00254254101512,no,OK,0.479120389013,yes,['15M13694'],['15M13694'],[],NTC OK
151208_M00766_0167_000000000-AJ5JR,M00766,2015-12-08,151,151,in date,in date,in date,97.4409176006,no,5807543,low,293.2063839285714285714285714,very low,0.03681696956070124870625301415,no,97.44856830002164884732960945,no,0.965053985736,0.8,no,0.972995161364,no,0.957859050293,no,-0.000365421585519,-0.00244969399453,no,-0.00018803779784,-0.000467330142286,no,no,-0.000434957690548,-0.00254254101512,no,OK,0.484044847452,yes,no outlying indexes, , ,NTC OK
151210_M00766_0168_000000000-AJDDH,M00766,2015-12-10,75,75,in date,in date,in date,91.3759977202,no,26145512,low,1086.997210526315789473684211,low,0.02154554584862413699016607857,no,90.89309713325970362351597505,no,0.955996670151,0.85,no,0.966839254095,no,0.945009070773,no,-0.00051080682511,-0.00100684681308,no,-0.000431778309831,-0.000691131696998,no,no,-0.000459395602526,-0.00201550065211,no,OK,0.403502355392,yes,['15M13946'],['15M13946'],[],NTC OK
151211_M00766_0169_000000000-AK5DW,M00766,2015-12-11,300,300,in date,in date,in date,93.0015550579,no,21872195,low,891.8405476973684210526315789,low,0.02351534054796625213768270604,no,93.65656805591804749438189898,no,0.548256928541,0.7,yes,0.591084864901,yes,0.485863269172,yes,-0.00351528725655,-0.00475682357281,no,-0.00355426877303,-0.00455018706239,no,no,-0.00422904730092,-0.00575845398669,no,OK,0.219491063137,yes,['14M10927b'],[],['14M10927b'],NTC OK
151216_M00766_0170_000000000-ALEAF,M00766,2015-12-16,151,151,in date,in date,in date,93.7278828372,no,17003866,low,880.7103482142857142857142857,low,0.03674480116264979073153442563,no,93.96420260603850031304114347,no,0.949909508814,0.8,no,0.962568904558,no,0.936997102045,no,-0.00035202591669,-0.00244969399453,no,-0.000169555310996,-0.000525678079774,no,no,-0.000575315676826,-0.00254254101512,no,OK,0.586744209133,yes,['15M13059'],[],['15M13059'],NTC OK
151218_M00766_0171_000000000-AK5FL,M00766,2015-12-18,226,226,in date,in date,in date,92.0182315518,no,20535429,low,846.68653125000000000000000,low,0.02093628002481741722699753363,no,91.99261474619180119520742597,no,0.574007343047,0.7,yes,0.582123455702,yes,0.541707176679,yes,-0.00518202479727,-0.00356325444939,yes,-0.00245578716087,-0.00342535866495,no,no,-0.00552943610772,-0.00453738269745,yes,OK,0.255908540675,yes,no outlying indexes, , ,NTC OK
151223_M00766_0172_000000000-AJRMN,M00766,2015-12-23,75,75,in date,in date,in date,92.6131903958,no,23635202,low,977.0359177631578947368421053,low,0.01685975260732023175064649898,no,92.23178331683554085653797875,no,0.94189343859,0.85,no,0.965701952537,no,0.915221515207,no,-0.00070693039879,-0.00100684681308,no,-0.000488058629093,-0.00111355452055,no,yes,-0.00188842387104,-0.00201550065211,no,OK,0.427253613007,yes,no outlying indexes, , ,NTC OK
160105_M00766_0174_000000000-AL4LB,M00766,2016-01-05,151,151,in date,in date,in date,91.2680859357,no,14218489,low,749.22265625000000000000000,low,0.03660103398973659907722065484,no,91.46584606594696396672053827,no,0.930324033198,0.8,no,0.952734150565,no,0.906795259598,no,-0.000534690428256,-0.00244969399453,no,-0.000197143064885,-0.000567705380984,no,no,-0.000715826106928,-0.00254254101512,no,OK,0.633173037558,yes,['15M12287'],[],['15M12287'],NTC OK
160107_M00766_0175_000000000-AH6C3,M00766,2016-01-07,75,75,in date,in date,in date,87.9117451425,no,26044869,low,1123.412554276315789473684211,OK,0.01232660440215616409148482549,no,86.82294801795838559818416975,no,0.951009725864,0.85,no,0.961215408174,no,0.939504462088,no,-0.000562885904105,-0.00100684681308,no,-0.000555085824505,-0.000665732514766,no,no,-0.000700241476876,-0.00201550065211,no,OK,0.411188279894,yes,['15m15138'],[],['15m15138'],NTC OK
160108_M00766_0176_000000000-AJDAJ,M00766,2016-01-08,75,75,in date,in date,in date,86.9377710882,no,24436074,low,1042.291776315789473684210526,low,0.02311329270615909686485528456,no,87.19961653068783843671106789,no,0.797862054635,0.85,yes,0.93045859931,no,0.648195157154,yes,-0.00182686909077,-0.00100684681308,yes,-0.000907302602688,-0.00359459171157,no,yes,-0.00740371055494,-0.00201550065211,yes,OK,0.354555513929,yes,['15M15229'],['15M15229'],[],NTC OK
160114_M00766_0177_000000000-ALYTH,M00766,2016-01-14,75,75,in date,in date,in date,87.5409349951,no,27732794,low,1180.550733552631578947368421,OK,0.01658866964854833307057101959,no,87.62192275952187311153899437,no,0.943667319708,0.85,no,0.953914047472,no,0.931772271818,no,-0.000662312774852,-0.00100684681308,no,-0.000640423680762,-0.000720809093,no,no,-0.00077357879093,-0.00201550065211,no,OK,0.523745455641,yes,no outlying indexes, , ,NTC OK
160115_M00766_0178_000000000-ALKJV,M00766,2016-01-15,151,151,in date,in date,in date,83.9556609644,no,15235349,low,831.5430892857142857142857143,low,0.06652688314506318842744838585,no,83.47619142719113571235074883,no,0.912258450261,0.8,no,0.936094520831,no,0.884397167186,no,-0.000579028004634,-0.00244969399453,no,1.39384010102e-05,-0.00130581384264,no,no,-0.00114784760809,-0.00254254101512,no,OK,0.314655375371,yes,['15M13506'],['15M13506'],[],NTC OK
160127_M00766_0001_000000000-ALR2L,M00766,2016-01-27,151,151,in date,in date,in date,94.4218790552,no,16728171,low,869.4499285714285714285714286,low,0.02449321396757844924462279796,no,94.81308578989334827870913623,no,0.948921316933,0.8,no,0.959338219826,no,0.938425235764,no,-0.000458386967368,-0.00244969399453,no,-0.000207185116916,-0.000653239388697,no,no,-0.000666958545823,-0.00254254101512,no,OK,0.973469632738,yes,no outlying indexes, , ,NTC OK
160128_M00766_0002_000000000-ALAJ1,M00766,2016-01-28,75,75,in date,in date,in date,88.2213464393,no,28975202,low,1238.617351973684210526315789,high,0.008053080778067215239391126962,no,88.38979070455649945293771092,no,0.952071103352,0.85,no,0.961285802483,no,0.941812345145,no,-0.000421093529265,-0.00100684681308,no,-0.000483566093618,-0.000427005037634,no,no,-0.000410405185976,-0.00201550065211,no,OK,0.336339157989,yes,no outlying indexes, , ,NTC OK
160129_M00766_0003_000000000-ALAH0,M00766,2016-01-29,75,75,in date,in date,in date,86.7633310185,no,32429499,low,1380.901884868421052631578947,high,0.01767255626836128417573781338,no,87.27611671941494260735186690,no,0.93917518984,0.85,no,0.955068269171,no,0.921737178446,no,-0.000584118107797,-0.00100684681308,no,-0.000564512164539,-0.000774347746175,no,no,-0.000600622401653,-0.00201550065211,no,OK,0.365766280852,yes,['16M00136'],[],['16M00136'],NTC OK
160204_M00766_0004_000000000-AL4H0,M00766,2016-02-04,151,151,in date,in date,in date,95.4824815401,no,14166224,low,726.9693080357142857142857143,low,0.02139782181664665481035136660,no,95.36911364058618200711270998,no,0.955491364393,0.8,no,0.971971747495,no,0.938516875405,no,-0.000292308368831,-0.00244969399453,no,-8.19982677907e-05,-0.000467018574268,no,no,-0.000599730468977,-0.00254254101512,no,OK,0.566916319976,yes,['15M13181'],[],['15M13181'],NTC OK
160206_M00766_0005_000000000-ALYU1,M00766,2016-02-06,75,75,in date,in date,in date,84.6656289443,no,32152720,low,1381.184565789473684210526316,high,0.01753548776381208770584304875,no,83.68327338663903025907069779,no,0.936147088298,0.85,no,0.95060042406,no,0.920226482861,no,-0.000538051529382,-0.00100684681308,no,-0.000713280955318,-0.000471656653772,no,no,-0.000421505427063,-0.00201550065211,no,OK,0.277862237472,yes,no outlying indexes, , ,NTC OK
160208_M00766_0006_000000000-AMF4G,M00766,2016-02-08,75,75,in date,in date,in date,85.7345647963,no,32902642,low,1404.357407894736842105263158,high,0.01562631459456999540382392332,no,85.81754815793044511419216485,no,0.934938357522,0.85,no,0.951977885545,no,0.916411963108,no,-0.000628737091882,-0.00100684681308,no,-0.000631914557429,-0.000598776401333,no,no,-0.000519786849512,-0.00201550065211,no,OK,0.407744183952,yes,['16M00692'],['16M00692'],[],NTC OK
160209_M00766_0007_000000000-AMERJ,M00766,2016-02-09,75,75,in date,in date,in date,79.4587514221,no,34759702,low,1528.959506578947368421052632,very high,0.01667731494416331304930796110,no,80.19928444721648717646589087,no,0.907034813919,0.85,no,0.93281855485,no,0.879818680839,no,-0.000811827669174,-0.00100684681308,no,-0.00088794777107,-0.000666661390178,no,no,-0.000736186278959,-0.00201550065211,no,OK,0.292875503818,yes,no outlying indexes, , ,NTC OK
160212_M00766_0008_000000000-AL607,M00766,2016-02-12,151,151,in date,in date,in date,87.5244047243,no,20878061,low,1123.973200892857142857142857,high,0.02680461711782457821745658379,no,87.11937250676072647264276133,no,0.850793605879,0.8,no,0.89259670793,no,0.8066691618,no,-0.00216598545445,-0.00244969399453,no,-8.52749174081e-05,-0.00628519259602,no,yes,-0.0030426130525,-0.00254254101512,yes,OK,0.428125617415,yes,['15M12553' '15M12790'],['15M12553' '15M12790'],[],NTC OK
160216_M00766_0009_000000000-AL73W,M00766,2016-02-16,151,151,in date,in date,in date,92.1169640472,no,18300588,low,961.5088705357142857142857143,OK,0.02501372353594376767444163655,no,92.55909938400868471365461917,no,0.941162199056,0.8,no,0.961555129535,no,0.919885872027,no,-0.000298361705285,-0.00244969399453,no,-0.000133892395916,-0.000451435637483,no,no,-0.000663375218739,-0.00254254101512,no,OK,0.512851461476,yes,['15M13195'],[],['15M13195'],NTC OK
160218_M00766_0010_000000000-AMF48,M00766,2016-02-18,75,75,in date,in date,in date,90.3938251105,no,26783167,low,1115.676388157894736842105263,OK,0.01933144392439941246366197254,no,90.22262055546238065496811521,no,0.952107715145,0.85,no,0.964321243016,no,0.938561854665,no,-0.000541844747663,-0.00100684681308,no,-0.000483156234383,-0.000559598511549,no,no,-0.000485515771069,-0.00201550065211,no,OK,0.320573984473,yes,['15M15396'],[],['15M15396'],NTC OK
160219_M00766_0011_000000000-AL6GM,M00766,2016-02-19,131,131,in date,in date,in date,5.60977305643,yes,661574,low,22.08687506975446428571428571,very low,0.9623005749271926076059342522,yes,9.732403576329463830293917862,yes,0.778714918007,0.8,yes,0.799915097229,yes,0.785984925102,yes,-0.000564013016699,-0.00182391155745,no,0.00349490055323,-0.00255881646835,yes,yes,-0.000591711561012,-0.00209223057419,no,No index information for 160219_M00766_0011_000000000-AL6GM
160223_M00766_0012_000000000-AL5YC,M00766,2016-02-23,151,151,in date,in date,in date,93.2957830409,no,18111084,low,951.0893549107142857142857143,OK,0.01908603886942359862445377629,no,93.33364422792617946045502136,no,0.945159807957,0.8,no,0.965889144851,no,0.923927154478,no,-0.000296795891523,-0.00244969399453,no,-8.1692055432e-05,-0.000462736333515,no,no,-0.000591695597711,-0.00254254101512,no,OK,1.88616118272,yes,['15M13471'],[],['15M13471'],NTC OK
